text,lang,polarization,gender/sexual,political,religious,racial/ethnic,other,vilification,extreme_language,stereotype,invalidation,lack_of_empathy,dehumanization,id
сКесКХсЛ░сИЭсКХ сКасЛ░сИлсЙ╜сИБ сЙдсЛЫ! сЛи сКесИИсЙ▒сКХ сЙГсИН сЙа сНУсИ╡сЙ░сИн сННсЙЕсИм сЙасИЛсЛн сКесКРсИЖ! сЙасНКсЙ│сЙ╕сЛН сЛлсИИсЛН сЙ░сМНсЛ│сИосЙ╡ сИЭсКХсИЭ сЛлсИЕсИН сКисЙгсЛ╡ сЙвсИЖсКХсИЭ сЛИсЛ░ сКЛсИЛ сИШсИШсИИсИ╡сКХ сМНсКХ сКесКХсЛ░ сКасИЫсИлсМн сКасИНсЛИсИ░сЛ▒сЙ╡сИЭ!,amh,0,0,0,0,0,0,0,0,0,0,0,0,amh_4a249cbbca6389d5120fe9b556f5ebf2
@USER сЙ░сИМсМНсИлсИЭсКХ сКесКХсЛ░ сКасИЫсИлсМн сИШсМасЙАсИЭ сИШсИНсКлсИЭ сЛнсИШсИ╡сИИсКЫсИН::,amh,0,0,0,0,0,0,0,0,0,0,0,0,amh_01b5780721c676222b91ec97a797a066
сКасКХсЛ░сКЫсЛН сКасИШсЙ╡ сЛисНХсИксЙ╢сИнсЛлсЛН сИ╡сИЭсИЭсКРсЙ╡ сИЭсКнсКХсЛлсЙ╡ сЙасИЫсЛ╡сИисМН сКисИЕсЛЭсЙгсЛК сЛИсЛлсКР сИУсИнсКРсЙ╡ сЙ╡сМНсИлсЛн (сИЕсЛИсИУсЙ╡) сЛисЙ░сИ░сМа сЛисКасЙЛсИЭ сИШсМНсИИсМл,amh,0,0,0,0,0,0,0,0,0,0,0,0,amh_7aabf3f2c41cbd032e6dbf56eccca9d7
сМНсЛ░сИН сКесКХсЛ│сИНсИНсИЕ.сИГсМвсЛлсЙ╡ сКРсЛН сКасЛНсЙГсИИсИБ сКасЙ╡сМНсЛ░сИН сКасИНсИНсИЕ.сМисКлсКЭ сННсМбсИн сКУсЙ╕сЛН сНАсИОсЙ┤ сМасННсЙ╢сЙесКЭ.сЙАсКУ сЙесЛм сКесЛлсЛисИБ сЛисННсИнсЛ╡сИЕсКХ сЙасЙ╡сИн . сКесМасЙгсЙасЙГсИИсИБ!,amh,0,0,0,0,0,0,0,0,0,0,0,0,amh_16df45b84088cd0d09ca4fa3a0e5f35c
сКасИИ сКРсМИсИн сКасИИ сКРсМИсИн сКесКХсЛ░сЛН сКасИИсЛН сКРсМИсИн сКесКХсЛ▓сИЕ сЙ│сИШсКХ сЙ│сИШсКХ сКасКХсМИсЙ╡ сЛ░сННсЙ░сКХ сКасКХсЙАсИн сКасЛнсЛЮсИЕ #сКасИЫсИлсЛм #сЛисКФсЛисЛЛсИБсМИсЙасИм #сКасИЫсИл,amh,0,0,0,0,0,0,0,0,0,0,0,0,amh_a28c14c4242c9387bc7a028cfad19c9f
#сЛИсЛлсКФ сЛЛсМГ сИЛсЛн сЛисЙ░сКисИИсЙ╜сЛН сКасЛисИн сИШсЙГсЛИсИЪсЛл сИЭсКХсИЭ сИШсИесИлсЙ╡ сКасИНсЙ╗сИИсИЭ сНв сЛисЛИсЛлсКФ сМжсИн сЙ░сИ╡сНЛ сКесЛисЙЖсИисМа сМНсИЫсИ╣ сИ▓сЛлсНИсМИсННсМН сМНсИЫсИ╣ сЙасИЛсИ╡сЙ│ сЛЩсИо сКасИЫсИлсКХ сИКсЛИсИн сЛ╡сИЭсЙбсИН сЛ╡сИЭсЙбсИН сКесЛлсИИ сКРсЛН сНв сИШсИисМГсЛН сЛИсКХсЛ╡сЛИсИ░сКХ сЙасЛисКР,amh,0,0,0,0,0,0,0,0,0,0,0,0,amh_856fbe481fbac8d1a3eacc75599fe73c
сКасИШсИЛсЙ╕сЛЙ сИ╕сМЛ сИНсЙгсЙ╕сЛЙ сЙ░сИлсИл сКесКР сИЭсИм сИШсМб сИКсМисИ╡ сКРсЛЙ сКасЙзсИл #сЛЭсКХсЙ╡сКасИИсИЭ_сКасИЫсИл #сНЛсКЦ,amh,0,0,0,0,0,0,0,0,0,0,0,0,amh_dd4ff47c7279632835d89f5377c9959b
сКжсКРсМН сИ╕сКФ сМНсКХ 27 сКасИШсЙ╡ сЛисЙ╡ сКРсЙасИн? сЛ╡сКХсМИсЙ╡ сКасИБсКХ сИ╕сКФ сЙесИО сЛисИШсМгсЛН? сКесЛНсКРсЙ│сЛН сЛнсИЕсЛН,amh,0,0,0,0,0,0,0,0,0,0,0,0,amh_4429bb3edd73acea9263c62deb830891
сКжсИосИЮсКУ сКасИЫсИл сЙасИШсИЖсКУсЙ╜сКХ сННсЙЕсИлсЙ╜сКХ сЛисИЪсЛШсИНсЙЕ сКасЛнсИШсИ╡сИЛсЙ╕сЛНсИЭ сКРсЙасИн сИЩсИЙсЛНсКХ сЙ░сИЭсИ│сИМсЙ╡ сЛйсЙ▒сЙе сЙ╗сКУсИН сИЛсЛн сЙ░сИШсИНсКисЙ▒ (сЙасЙ╡сЙесЙесИн сЛисЙАсИисЙа),amh,0,0,0,0,0,0,0,0,0,0,0,0,amh_0745cdc5fb01d3755970407264633e18
"сНЛсКЦ сКисМОсМе сЛлсИИсНИсНг сКисКнсИНсИН сЛисМИсЛШсНИсНг сИИсИАсМИсИн сЛисЙ░сИисНИсНг сЛисННсЙ╡сИЕ сКасИЭсЛ╡сНг сЛисКРсМ╗сКРсЙ╡ сКнсКХсЛ╡ сКРсЛН!"" - сКШ/сИн сИЭсКХсЛ│сИнсКасИИсЛН сЛШсЛНсЛ┤",amh,0,0,0,0,0,0,0,0,0,0,0,0,amh_26fe99bffeeb70000eb24e3316c622e7
@USER сЙасИЫсКХсКЫсЛНсИЭ сКРсМИсИн сКисМОсКХсИЕ сКРсКХ сЙесИнсЙ│ сКасЙесЛн сКлсИНсЛ░сНИсИисИ░ сКасЛнсМасИлсИЭ,amh,0,0,0,0,0,0,0,0,0,0,0,0,amh_e147dddc9f986192043c22c2b0fed48d
@USER сЛШсИи сИШсМНсИЛсИЭ сКасИЫсИл сКесИШсКРсКЭ сКисИ│сИЭсКХсЙ╡ сЙасИГсИЛ сЙасМгсИЭ сКесИнсМНсМасКЫ сКРсКЭ сЙесЛЩ сЛШсИосЙ╜сИЕ сЛнсМасНЛсИЙ,amh,1,0,0,0,1,0,1,1,1,0,0,0,amh_bd66d5fc6961efe6a37778111e9e2a19
@USER сЙасКасЙесЛн сЙ░сИНсКо сМОсКХсЛ░сИн сИЛсЛн сЛИсМгсЙ╢сЙ╜сКХ сИ╡сЙ│сЛ░сИлсМЕ сКРсЙасИи сКасЛнсЛ░сИН сЛисКжсИосИЪсЛл сИНсЛй сИАсЛнсИН сИВсЛ╢ сЛнсЛЛсМЛ сЛисКасИЫсИлсКХ сИХсЛЭсЙе сЙ░сЛИсЙ╡ сКасЛ░сИисМЙсЙ╡ сКесКУ сКесИлсИ│сЙ╣ сЙ░сНЛсИИсИЩ сКесИ╡сКк,amh,1,0,1,0,1,0,1,0,1,0,0,0,amh_c70dfb646cff208646172f6e75c1bea1
сМОсМГсИЭ сИЛсЛн сЙ░сЙАсИЭсМж сИШсЙ░сКисИН сЛлсИИсЛНсКХ сКгсИЫсИл сЙАсИ╡сЙ╡ сКисЙ│сМасЙА сЛисМлсКл сИ╜сННсЙ│ сИЫсИ╡сМгсИН сЛлсИНсЙ╗сИИ сЛисКгсИЫсИл сЛИсЙ│сЛ░сИн сКесКо сКРсЛН сКгсИБсКХ сЛисЙ╡сМНсИлсЛн сИ░сИлсЛКсЙ╡ сКгсИ╕сКХсНЛсИИсИБ сЙесИО сЛисИЪсИ╕сИНсИИсЛНсНв сКгсИЫсИл сИНсКУсЛ╡сКХ сКРсЛН сЛнсЙгсИНсИНсКЫсИНсНв #Ethiopia,amh,1,0,1,0,1,0,1,1,1,0,1,1,amh_47dd59435038ba57e76585871a19c3ac
"сКасИ╕сЙгсИксЛНсКХ сЛисЙ╡сИЕсКРсМН сЙбсЛ╡сКХ сКисИЭсЛ╡сИи сМИсНЕ сИЫсМесНЛсЙ╡ сКасИИсЙесКХ"" сЙесИнсМЛсЛ┤сИн сМДсКФсИлсИН сЙ░сНИсИл сИЫсИЮ",amh,1,0,1,0,0,0,1,1,0,1,0,0,amh_d496874e098b0faf3d39bc5fea89166a
@USER #сИ░сЛнсМгсКХсИЭ_сКесКо_сМосК╛ сКРсЛН сЛисИЪсЛИсМгсЛН сКдсИЛ сКесКРсИ▒сКХ сЙ░сЛЛсЙ╕сЛН,amh,1,0,1,0,0,0,0,0,0,0,0,1,amh_e661d070ad0d7e510ebb75cbb6b47735
@USER сЙ╡сИЕсКРсМНсКХ сИЫсМесНЛсЙ╡ сКисИШсЙАсЛ░сИ╡ сЙасИЛсЛн сИШсЙгсИисКн сКРсЛН,amh,1,0,1,0,1,0,1,1,1,0,0,0,amh_aa9594d36800cde5e376ed6c78470309
сЛисЛИсЛлсКФ сКесЙесИксЙ╡ сКесКХсЛ░ сНКсКЫ сИ│сЛнсЙ░сКРсННсИ╡ сКесИ│сЙ╡ сЛНсИ╡сМе сКесКХсЛ░сМИсЙг сЙЕсЙд сИ│сЛнсЙАсИНсМе сЛ░сЙесИисНВсЛосКХсКУ сМНсЙесИисКасЙасИосЙ╣ сКисКасНН сИШсИ╕сНИсКЫ сИЫсИ╡сКлсЙ╕сЛН сМЛсИн сКесКХсЛ░ сКасНЛсИн сМНсИШсИН сЙасИ░сИНсНН сЙасМИсИШсЛ╡ сЙ│сИ╡сИисЛН сИИсННсИнсЛ╡ сИ│сЛнсЙАсИнсЙб сИШсИЛсЙАсЙЕ сЛисИИсИЭсНв ??,amh,1,0,1,0,0,0,1,1,0,0,0,1,amh_57faa00f3f5ef0dbb6ec23822cafdcf1
сЛисИШсКисИЛсКисЛл сКесКУ сЛисКасИЫсИл сИНсЛйсИГсЛнсИН сЙ╡сЙесЙесИн сЛисКасИЫсИл сИЕсЛЭсЙе сКвсЙ╡сЛосМ╡сЛлсЛК сМНсЛ┤сЙ│ сКесКХсМЕ сЛисКасИЫсИл сКесКУ сЛисЙ╡сМНсИлсЛн сИЕсЛЭсЙе сМжсИнсКРсЙ╡ сКасЛ░сИИсИЭ -,amh,1,0,1,0,1,0,0,0,1,1,0,0,amh_a4017e21d4642db8b5d2562a1d5b7695
@USER сКасИЫсИл сЛ░сМЙ сЛИсМИсКФсНв сКвсЙ╡сЛмсМ╡сЛл сИ▓сЙгсИН сКесКо сИЭсКХсИЭ сЙАсИНсЙе сЛисИИсЛНсИЭсНв сИШсИ╡сИЪсЛл сИЫсЛ│сИШсМл сЛисИИсЛНсИЭсНв сЛисКРсННсИ▒ сЙ╡сИнсЙ│ сКвсЙ╡сЛмсМ╡сЛл сКУсЙ╡сКУ!!! сИИсКвсЙ╡сЛмсМ╡сЛл сИШсЙ╝ сЛИсЛ░сКЛсИЛ сЙесИО сЛлсЙГсИНсНв,amh,1,0,1,0,1,0,0,1,1,0,0,0,amh_de1eda64212bbfb1359fec58b750d7d5
╪╣╪з╪м┘Д | ╪н╪│╪и ╪╡╪н┘К┘Б╪й ┘Д┘К┘Г┘К╪и ╪з┘Д┘Б╪▒┘Ж╪│┘К╪й: ╪к┘Е ╪к╪г╪м┘К┘Д ┘Г╪г╪│ ╪г┘Б╪▒┘К┘В┘К╪з 2025╪М ╪з┘Д╪к┘К ┘Г╪з┘Ж ┘Е┘Ж ╪з┘Д┘Е┘В╪▒╪▒ ╪г┘Ж ╪к┘П┘В╪з┘Е ┘Б┘К ╪з┘Д┘Е╪║╪▒╪и╪М ╪е┘Д┘Й ╪и╪п╪з┘К╪й ╪з┘Д╪╣╪з┘Е 2026╪М ┘И╪░┘Д┘Г ╪и╪│╪и╪и ╪к╪╣╪з╪▒╪╢┘З╪з ┘Е╪╣ ╪▒┘И╪▓┘Ж╪з┘Е╪й ┘Г╪г╪│ ╪з┘Д╪╣╪з┘Д┘Е ┘Д┘Д╪г┘Ж╪п┘К╪й.,arb,0,0,0,0,0,0,0,0,0,0,0,0,ar_c014938e00ef553fb45a831b480c9d6d
╪г╪│╪╣╪з╪▒ ╪з┘Д┘Б┘И╪з╪к┘К╪▒ ╪з┘Д  ╪и╪╣╪п ╪з┘Д╪▓┘К╪з╪п╪й ╪з┘Д╪м╪п┘К╪п╪й ╪з┘К┘З ┘К╪з┘Д ╪н╪и┘К╪и╪Я,arb,0,0,0,0,0,0,0,0,0,0,0,0,ar_f425bc7f89e76e3953a112f5df89c5d5
╪┤╪м╪з╪▒ ╪и┘К┘Ж ┘Д╪з╪╣╪и┘К ╪з┘Д╪┤╪и╪з╪и ╪з┘Д╪│╪╣┘И╪п┘К ┘И╪з┘Д╪▓┘Е╪з┘Д┘Г ╪з┘Д┘Е╪╡╪▒┘К ┘Б┘К ┘Е╪и╪з╪▒╪з╪й ┘Г╪г╪│ ╪з┘Д╪╣╪▒╪и ┘Д┘Д╪г┘Ж╪п┘К╪й ╪з┘Д╪г╪и╪╖╪з┘Д,arb,0,0,0,0,0,0,0,0,0,0,0,0,ar_ea240083705403ad1d839f4c337894f0
╪г╪▒┘В╪з┘Е ┘Ж┘К┘Е╪з╪▒ ┘Е╪╣ ╪│╪з┘Ж╪к┘И╪│ ╪о┘Д╪з┘Д 3 ╪г╪│╪з╪и┘К╪╣ ╪г┘Б╪╢┘Д ┘Е┘Ж 17 ╪┤┘З╪▒╪з ┘Е╪╣ ╪з┘Д┘З┘Д╪з┘Д,arb,0,0,0,0,0,0,0,0,0,0,0,0,ar_d380557a1e7c162fbf0bf8bb8cb7c374
"""╪п┘К╪и╪│┘К┘Г"".. ╪▓┘Д╪▓╪з┘Д ╪╣╪▒╪╢┘К ╪г┘Е ╪к╪н┘И┘Д ╪з╪│╪к╪▒╪з╪к┘К╪м┘К ┘Б┘К ╪г╪│┘З┘Е ╪з┘Д┘А AI╪Я",arb,0,0,0,0,0,0,0,0,0,0,0,0,ar_8421931dbf5d17ebca7533e75a459292
┘В╪з┘Ж┘И┘Ж ╪з┘Д╪г┘Е┘Ж ╪з┘Д╪║╪░╪з╪ж┘К ┘В╪╖╪╣╪к ╪▒┘И╪н┘Г ╪╣┘Д┘К ┘И┘К┘Ж ╪╡╪з╪▒ ╪и┘Д┘З ┘в┘е ╪к╪▒┘Д┘К┘И┘Ж ╪│╪▒┘В╪к┘И┘З┘Ж ┘И╪м╪з┘К ╪к╪н╪м┘К┘Д┘К ╪и┘Д┘Б┘В┘К╪▒ ┘И┘Д┘Е╪╢┘Д┘И┘Е ╪з┘Д╪з┘Д╪╣┘Ж┘З ╪з┘Д┘Д┘З ╪╣┘Д┘К┘Г┘Е ╪з╪м┘Е╪╣┘К┘Ж,arb,0,0,0,0,0,0,0,0,0,0,0,0,ar_d3e69fe5c97b40521cb3ea6a6c8fe612
┘Е╪н┘Г┘Е╪й ╪з┘Д╪к╪╣┘В┘К╪и ╪к╪д┘К╪п ╪н┘Г┘Е ╪з┘Д╪│╪м┘Ж ┘И╪з┘Д┘Е╪▒╪з┘В╪и╪й ╪з┘Д╪е╪п╪з╪▒┘К╪й ╪╢╪п ╪▒╪з╪┤╪п ╪з┘Д╪║┘Ж┘И╪┤┘К,arb,0,0,0,0,0,0,0,0,0,0,0,0,ar_7f12b7a74347dd0e97fb4eb8000925ac
"#╪з┘Д╪╣╪┤╪▒┘К╪й_╪з┘Д╪│┘И╪п╪з╪б ╪╡┘Ж╪╣╪к ╪з┘Д╪з╪│╪к╪и╪п╪з╪п ╪и╪╣╪п ╪и╪▓┘И╪║ ┘Ж┘И╪▒ ╪з┘Д╪н╪▒┘К╪й ┘И ╪з┘Д╪п┘К┘Е┘В╪▒╪з╪╖┘К╪й. 
╪з╪▓┘К╪п ┘Е┘Ж ┘Е╪з╪ж╪к┘К┘Ж ╪з┘Д┘Б ┘В╪к┘К┘Д ╪к╪н╪к╪з╪м ╪е┘Д┘Й ╪▒╪п ╪з┘Д╪з╪╣╪к╪и╪з╪▒ .",arb,0,0,0,0,0,0,0,0,0,0,0,0,ar_649bdd51cef9c5dddc114c6ad474f0f9
┘Б┘Д┘И┘Д ╪з┘Д┘Ж╪╕╪з┘Е ┘К╪з ╪╣╪╢┘И ┘З╪▒╪и┘И╪з ╪о╪з╪▒╪м ╪│┘И╪▒┘К╪з . ┘З┘Ж╪з┘Г ┘В╪к┘Д ╪╖╪з╪ж┘Б┘К ╪и╪з┘Д╪│╪з╪н┘Д ╪и╪г┘Е╪▒ ┘Е┘Ж ╪з┘Д╪│┘Д╪╖╪й ╪з┘Д╪н╪з┘Г┘Е╪й ╪з┘Д┘Е╪д┘В╪к╪й,arb,0,0,0,0,0,0,0,0,0,0,0,0,ar_f37dfc9902e43f94fb786666e5880ece
╪з┘Д╪п╪╣╪к┘И╪▒ ┘Е╪л┘Д┘З ┘Е╪л┘Д ╪з┘К ╪н┘К ╪│┘И╪▒┘К .. ┘Е┘Б╪╣┘Е ╪и╪з┘Д┘Б┘В╪▒ ┘И ╪н╪з┘Б┘Д ╪и╪з┘Д╪к╪╣╪к┘К╪▒ ┘И ┘Е╪м╪и┘И┘Д ╪и╪з┘Д╪╖┘К╪и╪й .. ╪з┘Д┘В╪и╪╢ ╪╣┘Д┘Й ┘Е╪╖┘Д┘И╪и ┘Д╪з ┘К╪н╪к╪з╪м ┘Г┘Д ┘З╪░╪з ╪з┘Д╪╣┘Ж┘Б ╪з┘Д┘В╪п┘К┘Е ╪з┘Д╪м╪п┘К╪п,arb,0,0,0,0,0,0,0,0,0,0,0,0,ar_c09fbf4f64bdde1a4a0dce604c8f7b92
"╪з┘Д╪╡╪н╪й ╪з┘Д╪╣╪з┘Д┘Е┘К╪й ╪к╪н╪░╪▒ ┘Е┘Ж ""╪к╪▓┘К┘К┘Б"" ╪н┘В┘Ж ╪к┘В┘Д┘К┘Д ╪з┘Д┘И╪▓┘Ж",arb,0,0,0,0,0,0,0,0,0,0,0,0,ar_cb656024ae499f6f387aad6fb45c05cc
╪з┘К┘З ╪з┘Д╪з╪м╪з┘Д┘Г ┘Е┘Ж ┘Г┘И┘Д ┘И╪з╪н╪п ┘К┘З╪▓┘В┘Г ┘К╪з╪и┘Ж╪к ╪│╪к┘К┘Ж ┘Г┘Д╪и ┘Е┘Д┘В╪к┘К╪┤ ╪▒╪з╪м┘Д ┘К┘Д┘Е┘Г,arb,1,1,0,0,0,1,1,1,1,1,0,1,ar_72f53c56af8a8b4c230d00ed886ff636
┘Д┘К╪│ ┘З┘Ж╪з┘Г ╪н╪┤╪п ╪┤╪╣╪и┘К ┘И╪е┘Ж┘Е╪з ┘З┘И ╪н┘В╪п ╪┤┘К╪╣┘К ╪╣┘Д┘Й ╪з┘Д╪│┘Ж╪й .,arb,1,0,0,1,0,0,0,1,1,1,0,0,ar_ebe0bae6ae671dd5c5c105dc94173b55
╪е╪│┘Е╪╣┘И╪з ┘К╪и╪к┘И╪╣ ╪з┘Д╪к╪м┘Е╪╣ ╪з┘Д╪л╪з┘Д╪л ┘Д╪з╪▓┘Е ╪к┘Б┘З┘Е┘И╪з ╪е┘Ж ╪п┘Й ┘Е╪┤ ╪г╪о┘Д╪з┘В ╪╣┘К┘Ж ╪┤┘Е╪│ ╪е╪н┘Ж╪з ╪и┘Д╪╖╪м┘К╪й ╪и╪│ ┘Е╪┤ ┘Д╪п╪▒╪м╪й╪з┘Д╪╣╪з┘Д┘Е ╪г┘Г┘Д╪й ┘Д╪н┘И┘Е ╪з┘Д╪и╪┤╪▒ ╪п┘И┘Д,arb,1,0,0,0,1,1,1,1,1,0,0,1,ar_4f6e187ba4f63fa3022e8afb0f654bdf
╪г┘Е╪▒┘К┘Г╪з ┘В╪к┘Д╪к ╪и╪з┘Д╪з┘Е╪│ ┘Е╪╣┘И┘В ╪▒┘Б╪╢ ╪▒┘Б╪╣ ┘К╪п┘К┘З ┘Б┘Е╪з╪░╪з ╪к╪▒┘К╪п ┘Е┘Ж ╪з┘Д╪┤╪▒╪╖╪й ╪з┘Д┘Е╪╡╪▒┘К╪й ╪г┘Ж ╪к┘Б╪╣┘Д ╪╣┘Ж╪п┘Е╪з ╪к╪к╪╣╪з┘Е┘Д ┘Е╪╣ ┘Е╪│┘Д╪н┘К┘Ж ┘Е╪╣┘З┘Е ┘Е╪к┘Б╪м╪▒╪з╪к,arb,1,0,1,0,1,0,1,0,1,1,1,0,ar_ded3468b5ff1e724ee7a6fea9e7e9b31
"┘З┘К ╪▓╪╣┘Д╪к ┘Д┘К╪й ┘Е╪┤ ┘Б╪з┘З┘Е 
┘Е╪з┘З┘К ┘И┘Г┘Д ╪з┘Д┘Ж╪│┘И╪з┘Ж ╪и┘К╪▒┘И╪н┘И╪з ╪з┘Д╪м┘К┘Е ╪з┘Д┘Е╪о╪к┘Д╪╖ ╪╣┘Д╪┤╪з┘Ж ┘К╪к┘Е ╪з┘Д╪к╪н╪▒╪┤ ╪и┘К┘З┘Е",arb,1,1,0,0,0,0,1,1,1,1,1,0,ar_70ec85371e45ab3806c3401d14c46dfa
┘Е┘К┘Ж ╪│╪з╪ж┘Д ╪╣┘Ж┘Ж ┘И┘К┘Ж ┘Е╪з┘Г╪з┘Ж┘И ┘К┘Г┘И┘Ж┘И ╪и╪м┘З┘Ж┘Е ╪к╪з╪о╪п┘Ж ┘З┘Е ┘И╪з┘Д┘Ж╪╡┘К╪▒┘К╪й ╪п┘К╪п┘Ж ┘И╪з╪н╪п... ┘Е┘Ж╪з┘Б┘В┘К┘Ж ┘Е╪▒╪к╪п┘К┘Ж ┘К┘Г╪▒┘З┘И┘Ж ╪з┘Д┘Е╪│┘Д┘Е┘К┘Ж,arb,1,0,0,1,1,0,1,1,1,1,1,0,ar_503f064bd77052039171377f61b4a6a5
╪┤╪╣╪и ╪м╪з┘З┘Д ┘И┘Е╪к╪о┘Д┘Б ┘К╪н╪и ╪з┘Д╪о┘К╪▒ ┘Д╪г┘Е┘З ┘И╪г╪о╪к┘З ╪п┘К┘Ж ╪░┘Г┘И╪▒┘К ┘И╪е╪н╪к┘В╪з╪▒ ╪з┘Д┘Е╪▒╪г╪й ╪к╪│╪╣┘Й ┘И╪к╪┤╪к╪║┘Д ┘Е╪л┘Д┘З╪з ╪з┘Д╪▒╪м┘Д,arb,1,1,0,1,1,1,1,1,1,1,1,0,ar_5134aff5e639ba63948b404d58ccddd5
╪з┘Д╪о┘Д┘К╪м┘К┘К┘Ж ┘К╪╕┘Ж┘И╪з ╪и╪з┘Ж┘З┘Е ╪з┘Б╪╢┘Д ┘Е┘Ж ╪з┘Д╪з╪о╪▒┘К┘Ж ╪и╪│╪и╪и ┘Б┘Д┘И╪│┘З┘Е ╪и╪│ ┘Д╪з╪▓┘Е ┘К╪╣╪▒┘Б┘И╪з ╪и╪з┘Ж ╪з┘Д┘Ж╪о┘И┘З ┘И ╪з┘Д╪╣╪▒┘И┘И┘И┘И╪и┘З ┘Б┘И┘В ╪з┘Д┘Е╪з┘Д ┘И ╪з┘Д┘Б┘Д┘И╪│ ╪и╪з┘Д╪н╪░╪з╪з╪з╪з╪з╪б,arb,1,0,0,0,1,0,1,1,1,1,0,0,ar_303d8816de891f54aefdba7e2c4fe0cf
┘Д╪╣┘Ж┘З ╪з┘Д┘Д┘З ╪╣┘Д┘К┘Г ╪г┘И ╪╣┘Д┘Й ╪з╪н┘Е╪п ╪з┘Д╪┤╪▒╪╣,arb,1,0,1,0,1,1,1,1,0,0,0,0,ar_9eb8a241e79b72d03edf44521024475a
┘Д╪╣┘Ж┘З ╪з┘Д╪┤╪╣╪и ╪з┘Д╪к┘И┘Ж╪│┘К ╪з┘Д╪│╪з┘Г╪к ┘И╪з┘Д╪о╪з┘Ж╪│ ┘Д╪╣┘Ж┘Г┘Е,arb,1,0,1,0,1,0,1,1,0,1,0,0,ar_5ce632d936375dbc64ed86cc7507d9ce
ржЕрж╕рзО рж▓рзЛржХрзЗрж░рж╛ ржнрж╛рж╕рждрзЗ ржнрж╛рж╕рждрзЗ ржПржХржЯрж╛ рж╕ржоржпрж╝ ржбрзБржмрзЗ ржпрж╛ржпрж╝ ржЖрж░ рж╕рзО рж▓рзЛржХрзЗрж░рж╛ ржбрзБржмрждрзЗ ржбрзБржмрждрзЗ ржПржХржЯрж╛ рж╕ржоржпрж╝ ржнрзЗрж╕рзЗ ржУржарзЗржПржЦржи рж╕рж┐ржжрзНржзрж╛ржирзНржд ржЖржкржирж╛рж░ рж╕рзО рж╣ржмрзЗржи ржирж╛ржХрж┐ ржЕрж╕рзО рж╣ржмрзЗржи,ben,0,0,0,0,0,0,0,0,0,0,0,0,ben_c24c3687ae7dccaf30a435c182dfd378
ржпрзЗ ржХрзНржпрж╛ржкрзНржЯрзЗржи ржЖржЧрзЗ ржмрж╛ржВрж▓рж╛ржжрзЗрж╢ ржХрзНрж░рж┐ржХрзЗржЯрзЗрж░ ржкрзНрж░рж╛ржг ржЫрж┐рж▓рзЗржи ржПржЦржи ржЙржирж┐ рж╕рж╛рж░рж╛ ржжрзЗрж╢рзЗрж░ ржПржХржЬржи ржкрзНрж░рж╛ржгрзЗрж░ ржорж╛ржирзБрж╖ рж╣рж┐рж╕рзЗржмрзЗ ржирж┐ржЬрзЗржХрзЗ рждрзИрж░рзА ржХрж░ржЫрзЗржи ржХрзЛржЯрж┐ ржорж╛ржирзБрж╖рзЗрж░ ржнрж╛рж▓ржмрж╛рж╕рж╛рж░ ржорж╛ржирзБрж╖ ржПржЗ ржорж╛рж╢рж░рж╛ржлрзА ржмрж┐ржи ржорж░рзНрждрзБржЬрж╛ ржПржнрж╛ржмрзЗржЗ ржПржЧрж┐ржпрж╝рзЗ ржпрж╛ржи ржмрж╛ржВрж▓рж╛рж░ ржорж╛ржирзБрж╖ржХрзЗ ржнрж╛рж▓рзЛржмрзЗрж╕рзЗ,ben,0,0,0,0,0,0,0,0,0,0,0,0,ben_6f4a2e24c877f52a4f78b8cd865b74c2
рждрж╛ржЙрж╣рж┐ржж ржХрж╛ржХрзЗ ржмрж▓рзЗ ржЖрж▓рзНрж▓рж╛рж╣ рждрж╛ржЖрж▓рж╛ ржПржХ ржУ ржжрж┐рждрж┐ржпрж╝ рждрж╛рж╣рж╛рж░ ржХрзЛржи рж╢рж░рж┐ржХ ржирж╛ржЗ рждрж╛ржЗ рждрж┐ржирж┐ ржЕрждрж▓рзЛржирж┐ржУржПржЗ рж╢рж┐ржХрзНрж░рж┐рж░ ржкрж╛рж╢рж╛ржкрж╛рж╢рзА ржЬрж┐ржмржирзЗрж░ рж╕ржХрж▓ ржХрж░рзНржоржХрж╛ржирзНржбрзЗ ржПржХ ржорж╛рждрзНрж░ рждрж╛рж╣рж╛рж░рж┐ ржЕржирзБржЧрждрзНржп ржХрж░рж╛рж░ ржирж╛ржо ржмрж╛рж╕рзНрждрзЛржм рждрж╛ржУрж╣рж┐ржж рждрж╛ржУрж╣рж┐ржж ржЗрж╕рж▓рж╛ржорзЗ ржорзБрж▓ ржмрж┐рждрзНрждржЗрж╕рж▓рж╛ржорзЗрж░ рж╕ржХрж▓ ржХрж░рзНржоржХрж╛ржирзНржбрзЛ рждрж╛ржУрж╣рж┐ржжрзЗрж░ ржЙржкрж░ ржкрзНрж░рждрж┐рж╖рзНржЯрж┐рждрждрж╛ржУрж╣рж┐ржжрзЗрж░ ржоржзрзНржпржорзЗ ржорж╛ржирзБрж╖ ржЗржорж╛ржирзЗрж░ ржЙржЪрзНржЫ ржЖрж╢ржирзЗ ржЖрж╕рж┐ржи рж╣рждрзЗ рж╕ржХрзНрж╖ржо,ben,0,0,0,0,0,0,0,0,0,0,0,0,ben_4f58973ac646117e766ff44e1873502f
ржЖржорж╛ржжрзЗрж░ ржЪрж╛ржБржжржкрзБрж░ ржЬрзЗрж▓рж╛ рж╣рж╛ржЬрж┐ржЧржЮрзНржЬ ржЙржкржЬрзЗрж▓рж╛ рзм ржиржВ ржкрзВрж░рзНржм ржЗржЙржирж┐ржпрж╝ржи рж╕рзНржмрж╛рж╕рзНржерзНржп рж╕рзЗржмрж╛ рж╣рж╛рж╕ржкрж╛рждрж╛рж▓рзЗ ржжрзАрж░рзНржШржжрж┐ржи рж╕рзНржмрж╛рж╕рзНржерзНржпрж╕рзЗржмрж╛ ржмржирзНржз ржерж╛ржХрж╛рж░ ржкрж░ ржкрж░ржмрж░рзНрждрзАрждрзЗ рж╕рж░ржХрж╛рж░рж┐ржнрж╛ржмрзЗ ржПржХржЬржи ржкрзНржпрж╛рж░рж╛ржорзЗржЯрж┐ржХ ржбрж╛ржХрзНрждрж╛рж░ ржЖрж╕рж╛рж░ ржкрж░ ржЕржирзЗржХ ржнрж╛рж▓рзЛ рж╕рзЗржмрж╛ рж╣ржпрж╝рзЗржЫрж┐рж▓ ржПржоржиржХрж┐ ржЕржирзЗржХ ржирж░ржорж╛рж▓ ржбрзЗрж▓рж┐ржнрж╛рж░рж┐ржУ рж╣ржпрж╝рзЗржЫрж┐рж▓ ржХрж┐ржирзНрждрзБ ржжрзБржГржЦрзЗрж░ ржмрж┐рж╖ржпрж╝ ржПрж▓рж╛ржХрж╛рж░ ржХрж┐ржЫрзБ рж╣рж╛рждрзБржбрж╝рж┐ ржбрж╛ржХрзНрждрж╛рж░рзЗрж░ ржХрж╛рж░ржгрзЗ ржПржЗ рж╕рзЗржмрж╛ ржерзЗржХрзЗ ржПрж▓рж╛ржХрж╛рж░ ржорж╛ржирзБрж╖ ржмржЮрзНржЪрж┐ржд рж╣ржЗрж▓ ржмрж░рзНрждржорж╛ржирзЗ рж╣рж╛рж╕ржкрж╛рждрж╛рж▓ржЯрж┐ ржмржирзНржз ржЕржмрж╕рзНржерж╛ржпрж╝ ржЖржЫрзЗ ржмрж┐рж╖ржпрж╝ржЯрж┐ ржорж╛ржиржирзАржпрж╝ рж╕рзНржмрж╛рж╕рзНржерзНржпржоржирзНрждрзНрж░рзА ржорж╣рзЛржжржпрж╝рзЗрж░ ржжрзГрж╖рзНржЯрж┐рждрзЗ ржЖржирж╛рж░ ржЬржирзНржп ржЕржирзБрж░рзЛржз ржХрж░рж╛ рж╣ржЗрж▓,ben,0,0,0,0,0,0,0,0,0,0,0,0,ben_5294e4359b9ba1b2a6fd996b1d7fde69
ржЖржорж░рж╛ ржпрзЗ ржХржорзЗржирзНржЯ ржХрж░рж┐ ржПржЗ ржХржорзЗржирзНржЯрзЗрж░ ржорзВрж▓рзНржп ржЖржЫрзЗ ржХрж┐ржирж╛ ржЖржорж╛рж░ ржЬрж╛ржирж╛ ржирзЗржЗ рждрж╛ржЗ ржЖрж░ ржХрзЛржи ржХржорзЗржирзНржЯ ржХрж░рж┐ ржирж╛,ben,0,0,0,0,0,0,0,0,0,0,0,0,ben_91792af3b2d6d80c0166c6d5ab435f73
ржХрж╛ржжрзЗрж░ ржХрж╛ржХрзБ ржЖржкржирж┐ ржорж╛ржжрзЗрж░ржХрзЗ ржПрждрзЛ ржПрждрзЛ ржЦрзБрж╢рж┐рж░ ржЦржмрж░ ржжрж┐ржЪрзНржЫрзЗржи ржХрж┐ржирзНрждрзБ ржПржХржЯрж╛ ржмрж┐рж╖ржпрж╝ ржмрзБржЭрж▓рж╛ржо ржирж╛ ржПрждрзЛ ржЦрзБрж╢рж┐рж░ рж╕ржВржмрж╛ржжрзЗрж░ ржоржзрзНржпрзЗржУ ржЖржкржирж┐ ржПржмржВ ржЖржкржирж╛рж░ ржбрж╛ржирзЗ ржмрж╛ржорзЗ ржпрж╛рж░рж╛ ржЖржЫрзЗ рждрж╛ржжрзЗрж░ ржХрж╛рж░рзЛ ржорзБржЦрзЗржЗ рж╣рж╛рж╕рж┐ ржирзЗржЗ ржирзЗржЗ ржХрзЛржирзЛ ржЦрзБрж╢рж┐рж░ ржкрзНрж░рждрж┐ржЪрзНржЫржмрж┐ ржХрж╛ржХрзБ ржХрж╛рж░ржи ржЯрж╛ ржПржХржЯрзБ ржЦрзЛрж▓рж╛рж╕рж╛ ржХрж░рж▓рзЗ ржЖржорж░рж╛ ржорзБржЦржЦ рж╕рзБржЦржЦ ржорж╛ржирзБрж╖ ржмрзБржЬржмрж╛рж░ ржкрж╛рж░рждрж╛ржо,ben,0,0,0,0,0,0,0,0,0,0,0,0,ben_0555b9fcdf6ea925ac8f87a81b4ded17
рж╕рж╛рж▓рзЗ ржнрзЛржЯрж╛рж░ ржЖржЗржбрж┐ ржХрж╛рж░рзНржб ржкрзЗрж▓рж╛ржо ржПржЦржи ржкрж░рзНржпржирзНржд ржПржХржЯрж╛ ржЪрзЗржпрж╝рж╛рж░ржорзНржпрж╛ржи ржорзЗржорзНржмрж╛рж░ ржПрж░ ржнрзЛржЯ ржУ ржжрж┐рждрзЗ ржкрж╛рж░рж┐ ржирж╛ржЗ ржЖржорж┐ ржХрж┐ ржмрж╛ржВрж▓рж╛ржжрзЗрж╢рзЗрж░ рж╕рж╛ржзрж╛рж░ржг ржирж╛ржЧрж░рж┐ржХ,ben,0,0,0,0,0,0,0,0,0,0,0,0,ben_b1ca1e8c645ea552507d32e0fadef981
ржЖржорж┐ ржмрзНржпржХрзНрждрж┐ржЧржд ржнрж╛ржмрзЗ рждрж╛ржжрзЗрж░ ржкрж░рж┐ржмрж╛рж░ ржЯрж╛ ржХрзЗ ржкржЫржирзНржж ржХрж░рж┐ ржирж╛ рж╢рзЗржЦ рждржирзНржоржпрж╝ ржПрж░ ржЕрж╕рж╛ржзрж╛рж░ржг ржкрзНрж░рждрж┐ рждрж╛рж░ ржЖрж▓рж╛ржжрж╛ ржПржХржЯрж╛ ржорж╛ржпрж╝рж╛ ржЖржЫрзЗ рж╕рзЗ,ben,0,0,0,0,0,0,0,0,0,0,0,0,ben_76e156c3aca6a06d341fd8dc3dec0440
ржЖржкржирж╛рж░ ржзрж░рзНржо ржЖржкржирж╛рж░ ржХрж░рзНржо ржЖржкржирж╛рж░ ржмрж░рзНрждржорж╛ржи ржХрж░рзНржо ржирж┐рж░рзНржзрж╛рж░ржг ржХрж░ржмрзЗ ржЖржкржирж╛рж░ ржЖржЦрж┐рж░рж╛ржд ржХрзЗржоржи рж╣ржмрзЗ ржЖржкржирж┐ ржХрж┐ ржЕрж░рзНржЬржи ржХрж░рж▓рзЗржи ржХрж┐ ржЕрж░рзНржЬржи ржХрж░ржмрзЗржи рж╕рзЗржЯрж╛ ржЖржкржирж╛рж░ ржПржХрж╛ржирзНржд ржмрзНржпржХрзНрждрж┐ржЧржд ржмрж┐рж╖ржпрж╝рзЗ ржЖржкржирж╛рж░ ржмрж┐рж╢рзНржмрж╛рж╕ ржЖржкржирж╛рж░ ржмрзНржпржХрзНрждрж┐ржЧржд ржмрж┐рж╖ржпрж╝,ben,0,0,0,0,0,0,0,0,0,0,0,0,ben_62b8ed9c6100302274fa1efa2fcd0932
рж╕рзБржоржи ржнрж╛ржЗ ржЬрж╛ржирж┐ржирж╛ ржоржирзНрждржмрзНржп ржЖржкржирж╛рж░ ржЪрзЛржЦрзЗ ржкрж░рзЗ ржХрж┐ржирж╛ржЖржорж┐ ржЪржЯрзНржЯржЧрзНрж░рж╛ржо ржерзЗржХрзЗ ржмрж▓ржЫрж┐ ржЖржкржирж╛рж░ ржУржкрж░рзЗ ржнрж┐рждрзНрждрж┐ ржХрж░ ржорж╛ржирзБрж╖рзЗрж░ ржЕржирзЗржХ ржЖрж╢рж╛ржкрзНрж░рждрж┐ржЯрж╛ ржШрж░рзЗ ржПржХржЯрж╛ ржХрж░рзЗ рж╕рзБржоржи рж╣ржЙржХ ржЕржирзЗржХ ржЕржирзЗржХ рж╢рзБржнржХрж╛ржоржирж╛,ben,0,0,0,0,0,0,0,0,0,0,0,0,ben_0974f4fb453ee894a4f6800231512763
ржЖржорж╛рж░ ржмрзБржЭрзЗ ржЖрж╕рзЗ ржирж╛ ржпрж╛рж░рж╛ рж░рж╛рж╕рзБрж▓рзБрж▓рзНрж▓рж╛рж╣ рж╕рж▓рзНрж▓рж╛рж▓рзНрж▓рж╛рж╣рзБ ржЖрж▓рж╛ржЗрж╣рж┐ ржУржпрж╝рж╛рж╕рж╛рж▓рзНрж▓рж╛ржоржХрзЗ ржлрж┐рж░рж╛ржирж╕рзЗ ржХрж╛рж░рзНржЯрзБржи ржХрж░рж╛рж░ ржкрзНрж░рждрж┐ржмрж╛ржжрзЗ рж░рж╛ржЬ ржкржерзЗрж░ ржорж╛ржиржмржмржирзНржзржи ржорж┐ржЫрж┐рж▓ ржХрж░рж╛ржХрзЗ ржирж╛ ржЬрж╛ржпрж╝рзЗржЬ ржмрж▓рждржЕржержЪ ржЖржЬ рждрж╛рж░ржЗ ржжрзЗржЦрж┐ ржорж╛ржиржмржмржирзНржзржи ржХрж░рзЗ ржПржЦржи ржХрж┐ржнрж╛ржмрзЗ ржЬрж╛ржпрж╝рзЗржЬ рж╣ржмрзЗ ржЖржорж┐ ржирж┐ржЬрзЗ рждржЦржи ржЬрж╛ржорж╛рждрзЗ ржЫрж┐рж▓рж╛ржо ржкрзНрж░рждрж┐ржмрж╛ржж ржорж┐ржЫрж┐рж▓рзЗ ржЖрж╛ржорж╛ржХрзЗ ржпрзЗрждрзЗ ржжрзЗржУржпрж╝рж╛ рж╣ржпрж╝ ржирж┐ржУржЯрж╛ ржирж╛ржХрж┐ ржирж╛ ржЬрж╛ржпрж╝рзЗржЬ ржорзБржирж╛ржлрзЗржХрж┐,ben,1,0,0,1,0,0,0,1,0,1,0,0,ben_c4fb02a7149e649e7c7e93d5a0d01eae
ржмрж╛ржВрж▓рж╛ржжрзЗрж╢рзЗ ржХрж┐ ржнрж╛рж▓рзЛ рж╢рж┐ржХрзНрж╖рж╛ржоржирзНрждрзНрж░рзА ржкрж╛ржмрзЛ ржирж╛ ржпрзЗ ржПржХржЯрзБ рж╣рж▓рзЗржУ ржорзБрж╕рж▓ржорж╛ржиржХрзЗ ржнрж╛рж▓рзЛржмрж╛рж╕ржмрзЗ рждрж╛рж░ ржмржХрзНрждржмрзНржп ржпржжрж┐ рж╣ржпрж╝ ржирзВрж░рж╛ржирзА ржПржмржВ ржХржУржорж┐ ржорж╛ржжрзНрж░рж╛рж╕рж╛рж░ ржХрж╛рж░ржгрзЗ рж╢рж┐ржХрзНрж╖рж╛рж░рзНржерзА ржХржорзЗ ржпрж╛ржЪрзНржЫрзЗ рж╕рзЗржЧрзБрж▓рзЛржХрзЗ ржирж┐ржпрж╝ржирзНрждрзНрж░ржг ржХрж░рждрзЗ рж╣ржмрзЗ рждрж╛рж╣рж▓рзЗ ржПржЦрж╛ржирзЗ ржирж┐ржпрж╝ржирзНрждрзНрж░ржг ржмрж▓рждрзЗ ржХрж┐ ржЙржжрзНржжрзЗрж╢рзНржп ржмрзБржЭрж╛ржирзЛ рж╣ржпрж╝рзЗржЫрзЗ ржЕржмрж╢рзНржпржЗ ржирзВрж░рж╛ржирзА ржПржмржВ ржХржУржорж┐ ржорж╛ржжрзНрж░рж╛рж╕рж╛рж░ ржЫрж╛рждрзНрж░ржЫрж╛рждрзНрж░рзАржжрзЗрж░ ржмрж╛ржзрж╛ржЧрзНрж░рж╕рзНржд ржХрж░рж╛ рж╣ржмрзЗ ржХрзЛржи ржХрзМрж╢рж▓рзЗ ржмрзБржЭрж╛ржирзЛ рж╣ржпрж╝рзЗржЫрзЗ ржПржЯрж╛ржУ ржПржХ ржзрж░ржирзЗрж░ рж╖ржбрж╝ржпржирзНрждрзНрж░ржорзВрж▓ ржмржХрзНрждржмрзНржп ржмрж▓рзЗ ржзрж╛рж░ржгрж╛ ржХрж░рж╛ ржпрж╛ржпрж╝,ben,1,0,0,1,0,0,1,0,0,1,0,0,ben_7a2ad2593ec2feb401271908bfe03188
ржорзВрж▓ ржХржерж╛ ржХрзЗржЙ ржмрж▓рзЗ ржирж╛ рж╕ржмрж╛ржЗ ржнржпрж╝ ржкрж╛ржпрж╝ ржЗрж╕рж░рж╛ржпрж╝рзЗрж▓ ржХрзЗржи ржлрж┐рж▓рж┐рж╕рзНрждрж┐ржи ржжржЦрж▓ ржХрж░рждрзЗ ржЪрж╛ржпрж╝ ржПржЯрж╛ рж╕ржм ржорзБрж╕рж▓ржорж╛ржи ржЬрж╛ржирзЗ рждржмрзЗ ржорж┐ржбрж┐ржпрж╝рж╛ рж╕рзЗржЗ ржХрж╛рж░ржг ржХржЦржирзЛ ржмрж▓ржмрзЗ ржирж╛,ben,1,0,0,1,0,0,0,0,1,1,0,0,ben_0f0f968355bb135132da66fb930da72a
ржкрзНрж░ржержорждржорж┐ржбрж┐ржпрж╝рж╛рж░ ржПржЗ рж╣рж╕рзНрждржХрзНрж╖рзЗржк ржнрж╛рж▓ ржжрзЗржЦржЫрж┐ржирж╛ ржЗржЬрждрзЗржорж╛ржпрж╝ржПржЯрж╛ ржжрзВрж░ ржерзЗржХрзЗ ржжрзЗржЦрзЗ ржмрж▓рж╛рж░ ржЬрж┐ржирж┐рж╕ ржирж╛ржжрзНржмрзАржирзЗрж░ рж╣рж╛ржУржпрж╝рж╛рж╣рзЗржжрж╛ржпрж╝рзЗрждрзЗрж░ ржмрж╛рждрж╛рж╕ржХрж┐ржнрж╛ржмрзЗ рж╕рж╛ржзрж╛рж░ржирзЗрж░ ржорж╛ржЭрзЗ ржкрзМржЫрзЗ ржпрж╛ржпрж╝ рждрж╛рж░ ржЬржирзНржп ржПржХржЯрж╛ ржорзЗрж╣ржирждржПржд ржорж╛ржирзБрж╖ ржпржЦржи ржПржХрждрзНрж░ рж╣ржпрж╝ ржЖрж▓рзНрж▓рж╛рж╣рж░ ржжрзНржмрзАржиржХрзЗ ржЬрж┐ржирзНржжрж╛ ржХрж░рж╛рж░ ржирж┐ржпрж╝рждрзЗ рждржЦржи ржЕржмрж╢рзНржпржЗ ржЖрж▓рзНрж▓рж╛рж╣ рж░рж╣ржорждрзЗрж░ ржЫрж╛ржпрж╝рж╛ ржжрзЗржиржХрж┐ржирзНрждрзБ ржжрзВрж░ ржерзЗржХрзЗ ржжрзЗржЦрзЗ ржЬрж┐ржХрж┐рж░ ржЖржЬржЧрж╛рж░ ржоржирзЗ рж╣ржмрзЗржЬрж┐ржХрж┐рж░ржЗ рж╣ржЪрзНржЫрзЗ рждржмрзЗ ржЖрж▓рзНрж▓рж╛рж╣рж░ ржЖрж▓рзЛржЪржирж╛ржУ ржпрзЗ ржЬрж┐ржХрж┐рж░ ржПржЯрж╛ ржЖржЧрзЗ ржмрзБржЭрждрзЗ рж╣ржмрзЗ рж╢рзЗрж╖рзЗ ржПржЯрж╛ ржЖржмрж╛рж░ ржмрж▓ржмржорж┐ржбрж┐ржпрж╝рж╛ ржПржЧрзБрж▓рж╛ ржмрзЗрж╢рж┐ ржХрж░рзЗ ржХрж┐ ржмрзЛржЭрж╛рждрзЗ ржЪрж╛ржЗржЫрзЗ ржЖржорж╛рж░ рж╕ржирзНржжрзЗрж╣ ржерзЗржХрзЗржЗ ржпрж╛ржпрж╝,ben,1,0,0,1,0,0,0,0,0,1,1,0,ben_885df566c7b53ed65a58a1d7c9e84250
ржХрж╛ржжрзЗрж░ рж╕рж╛рж╣рзЗржм ржЖржкржирж┐ ржХрж┐ ржХрж░рзЗ ржЪрж┐ржирзНрждрж╛ ржХрж░рзЗржи ржпрзЗ ржЬржиржЧржг ржЖржкржирж╛ржжрзЗрж░ржХрзЗ рж╕ржорж░рзНржержи ржХрж░ржмрзЗ ржЖрж░ ржЖржУржпрж╝рж╛ржорж┐ рж▓рж┐ржЧ рж╣рж╛ржд ржЧрзБржЯрж┐ржпрж╝рзЗ ржмрж╕рзЗ ржерж╛ржХржмрзЗ,ben,1,0,1,0,0,0,0,0,0,1,0,0,ben_27603196567a71df86c0872ce3a8ed4f
ржпрж╛рж░ ржЗржорж╛ржиржЗ ржирж╛ржЗ рж╕рзЗ ржЖржмрж╛рж░ ржлрзБрж▓ рж╣ржпрж╝ ржХрж┐ржнрж╛ржмрзЗ ржмрж┐рж╢рзНржм ржЬржВржЧрзАржмрж╛ржжрзАржжрзЗрж░ рж╕рзГрж╖рзНржЯрж┐ ржиржмрзА рж╕рж╛ржГ ржмрж┐ржжрзНржмрзЗрж╖рзА рж╕рж╛рж╣рж╛ржмрж╛ рж░рж╛ржГ ржмрж┐ржжрзНржмрзЗрж╖рзА рждрж╛ржХрзЗ ржпрждржЗ ржлрзБрж▓ ржмрж╛ржирж╛ржирзЛрж░ ржЪрзЗрж╖рзНржЯрж╛ ржХрж░рж╛ рж╣ржмрзЗ ржжрзБржЧрзНржз ржЫржбрж╝рж╛ржмрзЗ,ben,1,0,0,1,0,0,1,1,1,0,0,1,ben_f1cbc4051ee28baf6f5e3f86bd0b1c8a
ржХрж╕ ржХрж┐ ржЖржорж░рж╛ рж╕рж╛ржзрж╛рж░ржг ржорж╛ржирзБрж╖рж╣рж▓рзЗ рз╖ рждрзЛрж░рж╛ ржХрж┐ ржЕрж╕рж╛ржзрж╛рж░ржи ржорж╛ржирзБрж╖ рз╖ ржЬржпрж╝рзА рж╣ржУржпрж╝рж╛рж░ ржЖржЧрзЗржЗ ржЖржорж╛ржжрзЗрж░ ржЖрж▓рж╛ржжрж╛ ржХрж░рзЗ ржжрж┐рж▓рж┐,ben,1,0,0,0,0,1,0,0,1,1,0,0,ben_256859c7a2e0f65d76f20cf1abe7d8b6
ржП ржирж╛рж╕рзНрждрж┐ржХ ржХрзЛржи ржзрж░рзНржорзЗ ржмрж┐рж╢рзНржмрж╛рж╕рзА ржирж╛ ржпржжрж┐ ржзрж░рзНржорзЗ ржмрж┐рж╢рзНржмрж╛рж╕рзА рж╣ржд ржкржмрж┐рждрзНрж░ ржХрзБрж░ржЖржиржХрзЗ ржЕржмрж╣рзЗрж▓рж╛ ржХрж░рзЗ ржХржерж╛ ржмрж▓рж╛рж░ рж╕рж╛рж╣рж╕ ржХрж░ржд ржирж╛ ржХрзЛрж░ржЖржирзЗ ржШрзЛрж╖ржгрж╛ ржХрж░рж╛ рж╣ржпрж╝рзЗржЫрзЗ ржЖрж▓рзНрж▓рж╛рж╣рж░ ржЬржорж┐ржирзЗ ржЖрж▓рзНрж▓рж╛рж╣рж░ ржжрзНржмрзАржи ржкрзНрж░рждрж┐рж╖рзНржарж╛ ржкрзНрж░рждрзНржпрзЗржХ ржЗржорж╛ржиржжрж╛рж░рзЗрж░ ржжрж╛ржпрж╝рж┐рждрзНржм,ben,1,0,0,1,0,0,1,0,1,1,0,0,ben_f5823ad1edb82cb0cfbbbfeed5ce2eda
ржпрж╛рж░ ржмрж▓рзЗ ржзрж░рзНржо ржпрж╛рж░ ржпрж╛рж░ ржЙрзОрж╕ржм рж╕ржмрж╛рж░ рждрж╛ржжрзЗрж░ ржПржЗ ржХржерж╛ ржХрзЛржирзЛ рж╣рж┐ржирзНржжрзБ ржмрж▓рзЗ рж╕рзЗржХрж┐ ржЧрж░рзБрж░ ржЧрзЛрж╕ ржЦрж╛ржмрзЗ ржмрж╛ ржИржжрж▓ ржлрж┐рждрж░ ржПржмржВ ржИржжрзБрж▓ ржЖржпрж╣рж╛рж░ ржирж╛ржорж╛ржЬ ржкржбрж╝ржмрзЗ ржЖржорж╛ржжрзЗрж░ рж╕рж╛ржерзЗ ржЖрж░ ржзрж░рзНржо ржпрж╛рж░ ржпрж╛рж░ ржЙрзОрж╕ржм рж╕ржмрж╛рж░ ржпржжрж┐ ржХрзЛржирзЛ ржорзБрж╕рж▓рж┐ржо ржмрж▓рзЗ рж╕рзЗржХрж┐ рж╢рзБржпрж╝рзЛрж░рзЗрж░ ржЧрзЛрж╕ ржЦрж╛ржмрзЗ,ben,1,0,0,1,0,0,0,0,1,1,0,0,ben_08a7b9009f5b5956efe4c73e778e2c7c
ржУржмрж╛ржпрж╝ржжрзБрж▓ ржХрж╛ржжрзЗрж░ рж╣ржЪрзНржЫрзЗ ржмрж╛ржВрж▓рж╛ржжрзЗрж╢рзЗрж░ ржорж╛ржирзБрж╖рзЗрж░ ржмрж┐ржирзЛржжржи ржкрж╛ржЧрж▓рзЗ ржХрж┐ржирж╛ ржмрж▓рзЗ ржЖрж░ ржЫрж╛ржЧрж▓рзЗ ржХрж┐ржирж╛ ржЦрж╛ржпрж╝ ржХрж╛ржЙржпрж╝рж╛ ржЖрж╕рж▓рзЗржЗ ржХрж╛ржЙржпрж╝рж╛ рж░ржпрж╝рзЗ ржЧрзЗрж▓рзЛ ржХрзЗ ржХрзЗ ржПржХржоржд,ben,1,0,1,0,0,0,1,1,0,0,0,1,ben_d7ec780695a1bd06f2d8eb385ba5b1f7
ржХржерж╛ ржХрж┐ржирзНрждрзБ рж╕рждрзНржп рждрзБржорж┐ ржпрж╛ ржжрзЗрж╢рзЗрж░ ржЯрж╛ржХрж╛рж░ ржжрзБрж░рзНржирзАрждрж┐ ржХрж░рзЗ ржмрж┐ржжрзЗрж╢ ржкрж╛ржарж╛ржЗржЫрзЗ рж╕рзЗржЯрж╛ ржЖржорж░рж╛ ржмржЫрж░ ржХрж╛ржорж╛ржЗ ржХрж░рждрзЗ ржкрж╛рж░ржмрзЛ ржирж╛,ben,1,0,1,0,0,0,1,0,0,1,0,0,ben_4b31d4dae9117e7191c9125bc6c69d02
ржПржд ржмржбрж╝ ржорж┐ржерзНржпрж╛ржЪрж╛рж░ ржЖрж▓рзНрж▓рж╛рж╣ ржЖржкржирж╛ржжрзЗрж░ ржХржЦржиржУ ржХрзНрж╖ржорж╛ ржХрж░ржмрзЗ ржирж╛ ржПржХржЬржи рж╕рзО ржкрзНрж░ржлрзЗрж╕рж░ ржПрж░ ржХрж╛ржЫрзЗ ржерзЗржХрзЗ ржЬрж╛рждрж┐ ржПрждржмржбрж╝ ржорж┐ржерзНржпрж╛ржЪрж╛рж░ ржЬрж╛рждрзА ржЖрж╢рж╛ ржХрж░рзЗ ржирж╛ржлржЦрж░рзБрж▓ рж╕рж╛рж╣рзЗржм,ben,1,0,1,0,0,0,1,1,0,1,0,0,ben_98aebbe3898d9bb0c3df1ac3d044e07c
рж╣рж┐ржирзНржжрзБ ржзрж░рзНржо ржЖрж╕рж▓рзЗржЗ ржХрзЛржи ржзрж░рзНржо ржиржпрж╝ рждрж╛ржжрзЗрж░ ржкрзНрж░ржзрж╛ржи ржзрж░рзНржоржЧрзНрж░ржирзНрже рж░рж┐рж╕рж╛рж░рзНржЪ ржХрж░рж▓рзЗржЗ ржХрзЛржи рж╣рж┐ржирзНржжрзБ ржЖрж░ рж╣рж┐ржирзНржжрзБ ржерж╛ржХрзЗ ржирж╛ ржнрж╛рж░рждрзЗрж░ рзмрзл ржХрзЛржЯрж┐ рж╣рж┐ржирзНржжрзБ ржпрж╛ржХрзЗ ржнржЧржмрж╛ржирзЗрж░ ржорждрзЛржЗ ржоржирзЗ ржХрж░рждрзЛ рж╕рзЗржЗ ржбржГ рж╢рж┐ржмрж╢ржХрзНрждрж┐ рззрзлрзирзж ржЯрж╛ ржнрж╛рж╖рж╛ржпрж╝ ржбрж┐ржЧрзНрж░рзА ржЕрж░рзНржЬржи ржХрж░рзЗ рж╢рзЗрж╖ ржкрж░рзНржпржирзНржд ржорзБрж╕рж▓ржорж╛ржиржжрзЗрж░ ржзрж░рзНржорзА ржЗрж╕рж▓рж╛ржо ржзрж░рзНржо ржЧрзНрж░рж╣ржг ржХрж░рзЗржЫрзЗржи ржЖрж░ ржПржХржЯрж╛ рж╕рждрзНржпрж┐ ржХржерж╛ ржкрзГржерж┐ржмрзАрж░ рж╕ржХрж▓ ржзрж░рзНржо ржЧрзНрж░ржирзНржерзЗрж░ ржоржзрзНржпрзЗ ржПржХржорж╛рждрзНрж░ ржЖрж▓ ржХрзЛрж░ржЖржи ржорзБржЦрж╕рзНрже ржЖржЫрзЗ ржХрзЛржЯрж┐ ржХрзЛржЯрж┐ рж╣рж╛ржлрзЗржЬрзЗрж░ рж╕ржХрж▓ ржзрж░рзНржо ржЧрзНрж░ржирзНрже ржирж╖рзНржЯ рж╣ржпрж╝рзЗ ржЧрзЗрж▓рзЗржУ ржЖржмрж╛рж░ржУ ржЖрж▓ ржХрзЛрж░ржЖржи рж▓рзЗржЦрж╛ рж╕ржорзНржнржм ржЗржирж╢рж╛ржЖрж▓рзНрж▓рж╛рж╣,ben,1,0,0,1,0,0,1,1,0,1,0,0,ben_fe5cae72bb77e6517a06af9811308407
ржирждрзБржи ржХрж╛рж░рж┐ржХрзБрж▓рж╛ржо ржПрж░ рж╢рж┐ржХрзНрж╖рж╛ ржмрзНржпржмрж╕рзНржерж╛ ржнржмрж┐рж╖рзНржпрзО ржЬрж╛рждрж┐рж░ ржирзИрждрж┐ржХрждрж╛ ржзрзНржмржВрж╕рзЗрж░ ржкрзНрж░ржзрж╛ржи ржХрж╛рж░ржг ржЖрж╕рж▓рзЗ ржХрзНрж╖ржорждрж╛ ржЪрж┐рж░ржХрж╛рж▓ ржерж╛ржХрзЗ ржирж╛ ржкрзНрж░ржХрзГрждрж┐рж░ ржХрж┐ржЫрзБ ржирж┐ржпрж╝ржо ржерж╛ржХрзЗ ржПржХржжрж┐ржи ржирж╛ ржПржХржжрж┐ржи ржарж┐ржХржЗ ржмрзБржЭржмрзЗржи ржПржЗ рж╢рж┐ржХрзНрж╖рж╛ ржмрзНржпржмрж╕рзНржерж╛ ржорзБрж╕рж▓рж┐ржо ржХрзЛржи ржжрзЗрж╢рзЗрж░ ржЬржирзНржп рж╣рждрзЗ ржкрж╛рж░рзЗ ржирж╛ ржПржЗ рж╢рж┐ржХрзНрж╖рж╛ ржмрзНржпржмрж╕рзНржерж╛ ржоржирзБрж╖рждрзНржмржмрзЛржз ржЬрж╛рждрж┐ ржЧржаржи ржХрж░рждрзЗ ржкрж╛рж░ржмрзЗржирж╛,ben,1,0,0,1,0,0,1,1,0,1,0,0,ben_1587798b0f4e1a32e7fee68462e1ec07
ржорзВрж▓рзНржп ржХржд ржЖрж▓рзНрж▓рж╛рж░ ржорж╛рж▓ ржЖрж▓рзНрж▓рж╛рж╣ ржирж┐рж▓рзЗ ржорж╛ржирзБрж╖ ржХрзЗржи ржорзВрж▓рзНржп ржжрзЗржмрзЗ ржЖрж░ ржжрзЗржмрж╛рж░ ржХрж┐ ржЗ ржмрж╛ ржХрзНрж╖ржорждрж╛ рж░рж╛ржЦрзЗ ржХржерж╛ ржПржХржЯрзБ рж╣рзБрж╕рзЗ ржмрж▓ ржорж╛рж▓ржмрзЗрж╢рзА ржкрзЗржЯрзЗ ржкрж░рзЗржЫрзЗ ржирж╛ржХрж┐,ben,1,0,0,1,0,0,1,1,0,0,0,0,ben_f7fd2e377027f45e3efa9b897d251030
ржХржерж╛ ржкрж░рж┐рж╖рзНржХрж╛рж░ ржлрзЗрж╕ржмрзБржХрзЗрж░ ржмрж╛рж╣ржмрж╛ ржХрж┐ржВржмрж╛ ржЯрзНрж░рж▓рзЗрж░ ржЙржкрж░ ржнрж┐рждрзНрждрж┐ ржХрж░рзЗ ржЗрж╕рж▓рж╛ржорж┐ ржЖржирзНржжрзЛрж▓ржи рж░рж╛ржЬржирзАрждрж┐ ржХрж░рзЗ ржирж╛ рждрж╛ржБрж░рж╛ рждрж╛ржБржжрзЗрж░ рж▓ржХрзНрж╖ржмрж╕рзНрждрзБ ржУ ржирзАрждрж┐ ржЖржжрж░рзНрж╢рзЗрж░ ржЙржкрж░ ржнрж┐рждрзНрждрж┐ ржХрж░рзЗ ржкрж░рж┐ржХрж▓рзНржкржирж╛ ржЕржирзБржпрж╛ржпрж╝рзА рж░рж╛ржЬржирзАрждрж┐ ржХрж░рзЗ,ben,1,0,1,1,0,0,0,0,0,1,0,0,ben_efd63229e97bd70cd520ca43c63498da
ржЖржмрзВ ржмрж╛ржХрзНрж░рж╛рж╣рзН рж░рж╛ржГ ржерзЗржХрзЗ ржмрж░рзНржгрж┐рждржГ рждрж╛ рж╣рж▓ ржиржмрзА рж╕рж╛рж▓рзНрж▓рж╛рж▓рзНрж▓рж╛рж╣рзБ ржЖрж▓рж╛ржЗрж╣рж┐ ржУржпрж╝рж╛ рж╕рж╛рж▓рзНрж▓рж╛ржоржПрж░ ржирж┐ржХржЯ ржпржЦржи ржП ржЦржмрж░ ржкрзМржЫрж▓ ржпрзЗ ржкрж╛рж░рж╕рзНржпрзЗрж░ рж▓рзЛржХрзЗрж░рж╛ ржХрж┐рж╕рзНрж░рж╛рж░ ржорзЗржпрж╝рзЗржХрзЗ рждрж╛ржжрзЗрж░ рж╢рж╛рж╕ржХ ржирж┐ржпрзБржХрзНржд ржХрж░рзЗржЫрзЗ рждржЦржи рждрж┐ржирж┐ ржмрж▓рж▓рзЗржиржГ рж╕рзЗ ржЬрж╛рждрж┐ ржХржЦржирзЛ рж╕ржлрж▓ржХрж╛ржо рж╣ржмрзЗ ржирж╛ ржпрж╛рж░рж╛ рждрж╛ржжрзЗрж░ рж╢рж╛рж╕ржиржнрж╛рж░ ржХрзЛржи рж╕рзНрждрзНрж░рзАрж▓рзЛржХрзЗрж░ рж╣рж╛рждрзЗ ржЕрж░рзНржкржг ржХрж░рзЗ ржлрзБржЯржирзЛржЯржГ рззрзмрзж ржорзБрж╕рж▓ржорж╛ржирж░рж╛ ржпржжрж┐ рж╕ржлрж▓рждрж╛ ржкрзЗрждрзЗ ржЪрж╛ржпрж╝ рждржмрзЗ рждрж╛ржжрзЗрж░ржХрзЗ ржЕржмрж╢рзНржпржЗ ржирж╛рж░рзА ржирзЗрждрзГрждрзНржм ржкрж░рж┐рж╣рж╛рж░ ржХрж░рждрзЗ рж╣ржмрзЗ рж╕рж╣рж┐рж╣ ржмрзБржЦрж╛рж░рзА рж╣рж╛ржжрж┐рж╕ ржиржВ рзнрзжрзпрзп рж╣рж╛ржжрж┐рж╕рзЗрж░ ржорж╛ржи рж╕рж╣рж┐рж╣ рж╣рж╛ржжрж┐рж╕,ben,1,1,0,0,0,0,0,0,1,1,0,0,ben_b52045d767dcd97778ca6109c93a7d02
ржЖрж╕рж▓рзЗржЗ ржХрж┐ рж░рзЛржЬрж╛рж░ ржЙржжрзНржжрзЗрж╢рзНржп ржПржоржи ржпрзЗ ржмрзЗржкрж░рзНржжрж╛ ржЦрзЛрж▓рж╛ржорзЗрж▓рж╛ рж╣ржпрж╝рзЗ ржкрзБрж░рзЛ ржкрж░рж┐ржмрж╛рж░ ржирж┐ржпрж╝рзЗ рж╣рзИрж╣рзБрж▓рзНрж▓рзЛржбрж╝ ржХрж░рзЗ рж░рзЗрж╕рзНржЯрзБрж░рзЗржирзНржЯрзЗ ржЧрж┐ржпрж╝рзЗ рж╕рзЗрж╣рзЗрж░рж┐ ржЦрзЗржпрж╝рзЗ ржХрзЛржи рж░ржХржорзЗрж░ ржирж╛ржорж╛ржЬ ржХрж╛рж▓рж╛ржорзЗрж░ рждрзЛржпрж╝рж╛ржХрзНржХрж╛ ржирж╛ ржХрж░рзЗ рж╢рзБржзрзБ ржЙржкрзЛрж╖ ржХрж░рж╛,ben,1,0,0,1,0,0,0,0,1,1,1,0,ben_03e3287f9d54365e9efaa765f1391691
"Es gibt bereits vereinzelte Eins├дtze von Bodentruppen in Gaza.
 
 @URL",deu,0,0,0,0,0,0,0,0,0,0,0,0,deu_af0b4794d9566fadd727c4a0a173d10a
Lass dich nicht aufhalten. Es gibt eine ukrainische Fremdenlegion. Da kannst du dich melden.,deu,0,0,0,0,0,0,0,0,0,0,0,0,deu_220c845cb494ff36c74c625687221d42
Klingt f├╝r mich nach Long COVID,deu,0,0,0,0,0,0,0,0,0,0,0,0,deu_1e5ac7101d1c2edafb124f1db4c11d2f
Wenn ich schon wieder dieses Woke lese. Der AfD ist sogar unser Grundgesetz zu Woke. H├╢rt auf das Wort so inflation├дr zu gebrauchen.,deu,0,0,0,0,0,0,0,0,0,0,0,0,deu_c3ca4a9dea1266a3473dced59e8ab25e
"Auch eine Schilddr├╝senunterfunktion schw├дcht das Immunsystem. 
 TSH, fT3 und fT4 Wert testen lassen, falls sie noch andere Symptome einer Unterfunktion hat",deu,0,0,0,0,0,0,0,0,0,0,0,0,deu_974dd2920d18d803e6802674d6a96fc3
CO2 ist gut f├╝r Pflanzen,deu,0,0,0,0,0,0,0,0,0,0,0,0,deu_cec21b8b3efa41282a3e4dc6682d1cc2
Wann war die letzte Anti-Islamismus-Demo?,deu,0,0,0,0,0,0,0,0,0,0,0,0,deu_cb726ece5c5d977e875c5dece45835f6
wurde heute von der katze geweckt ЁЯе░,deu,0,0,0,0,0,0,0,0,0,0,0,0,deu_634061dd497056466fd7926eb47ed8ab
Klopapier! Seit Corona g├╢nn ich mir Luxus,deu,0,0,0,0,0,0,0,0,0,0,0,0,deu_50fddbe32551163d735c7a55559def92
"Ja, muss schon wieder Zeit f├╝r 5G-Impfung sein",deu,0,0,0,0,0,0,0,0,0,0,0,0,deu_6aeb186a5a0ba8017fb5cc59a5c1d83f
Gibt sogar recht viele Ex-Muslime. Alles sehr vern├╝nftige Leute.,deu,1,0,0,1,0,0,0,0,0,1,0,0,deu_5c26e3769fa46ce9284ba55a5db1cea8
"Das sind keine Extremisten sondern relativ normale Muslime. Extremisten ziehen in den Krieg und enthaupten ""Ungl├дubige"" (meistens andere Muslime). Normale haben Muslime nur eine strenge Sexualmoral sowie hier.",deu,1,0,1,1,0,0,1,0,1,1,0,1,deu_7fbd93adf06e7036c06fd2d4e4fd50ab
"N├╢, aber alle im Ausland lebenden nationalistischen T├╝rken sind irgendwie nach Definition im Ausland lebende T├╝rken und um die wird es vermutlich auch in Threads gehen wo sich einheimische T├╝rken ├╝ber ""Gurbet├зi"" aufregen",deu,1,0,1,0,1,0,1,1,1,1,0,0,deu_baaf292debc0c8b144e9bbad27164f0e
"Was laberst du?
 
 Aufgrund des extrem schnellen Bev├╢lkerungswachstums in gr├╢├Яtenteils muslimischen L├дndern wird der Anteil der Muslime an der Weltbev├╢lkerung bis 2050 um ca. 5 Prozentpunkte steigen, w├дhrend der Anteil der Konfessionslosen an der Weltbev├╢lkerung sinkt.
 
 @URL",deu,1,0,1,1,1,0,0,1,1,1,0,0,deu_6c7235cb9c64cd65b8d2e88a1d09dcb2
"Kriegstreiber! Auch ihr, die Propagandapresse!!!",deu,1,0,1,0,0,1,1,1,1,1,0,0,deu_db31993b66196db649d0c5031ddc08b3
Steuerzahler und Juden,deu,1,0,0,1,1,0,0,0,1,0,0,1,deu_e1c991b613cfbd9f8b58591e03032c7b
Ja die T├╝rken leiden sehr stark unter ihrem links gr├╝n versifften Erdogan. Muss man wissen. :D,deu,1,0,1,0,1,1,1,1,1,0,1,0,deu_c11a90ff2783b27b686b87b2f7d45648
Die Klima Armee Fraktion wird kommen.,deu,1,0,1,0,0,1,1,0,1,1,0,0,deu_00d194407ca9e342d3970b1119026f53
"Das klingt als wuerdest du hier ein Feminismus-Gotcha aus deiner Wahrnehmung ableiten wo objektiv keines ist. Ich hab noch nie jemandes ernsthaft behauten hoeren das speziell Frauen Kriegstreiber sind, eher das Gegenteil.",deu,1,1,1,0,0,0,0,1,1,0,0,0,deu_81bb3b7698aee91f5a25309aec92705a
"Denk ich nicht, nein. Migration ist deren Kernthema.",deu,1,0,1,0,0,0,0,0,1,0,0,0,deu_c95ea243b5ba4bb4e51e13b0ae57b363
The EU is increasing military aid to Ukraine to one billion euros the press release on the website of the Council of Europe.,eng,0,0,0,0,0,0,0,0,0,0,0,0,en_dbcee818b240e8ea82a37e5530738aa7
House drafts bill to strike Iran proxies amid IsraelHamas,eng,0,0,0,0,0,0,0,0,0,0,0,0,en_0fe6a37502da8f89af480449d5352c7f
Contested races across county early voting,eng,0,0,0,0,0,0,0,0,0,0,0,0,en_8cec277cafb320e79bf8ed5632529b9d
Dem bill would hold West Bank settlers accountable for violence Doubt it,eng,0,0,0,0,0,0,0,0,0,0,0,0,en_b1493ef1e1a5e3109d8a211a28283ee8
Local woman gets a death threat after flying Trump MAGA,eng,0,0,0,0,0,0,0,0,0,0,0,0,en_a5f34a5db504fc4801152156897b2c4d
"Unmask ChildrenParents rights, energy, and border security.",eng,0,0,0,0,0,0,0,0,0,0,0,0,en_e64dd63e2617db24911756703daab1e5
All in the Family: Sheriff's Son Is New DPS Officer,eng,0,0,0,0,0,0,0,0,0,0,0,0,en_4b0f94e8114dea01d392718b9155ffca
"The House passed another 40B military aid package to Ukraine, wheres the money coming from?????",eng,0,0,0,0,0,0,0,0,0,0,0,0,en_e80c2aecafed1214a46fe717849d4a3f
Republicans weigh expelling Matt Gaetz after booting,eng,0,0,0,0,0,0,0,0,0,0,0,0,en_843d17145a0ce9d2f24b5edee13bf07f
Find yourself a west bank settler gf,eng,1,1,1,0,0,0,1,0,1,0,0,0,en_face0db614834c005d03b3f41a56a317
Fascist oligarchs now control the USA,eng,1,0,1,0,0,0,1,1,0,0,0,0,en_d64ce581999394ad8671158997d519e2
Someone end this lunatic before he starts ethnic cleansing,eng,1,0,1,0,1,0,1,1,1,0,0,0,en_e1b7927c76815ff63828dbe2843ad332
Hi apartheid state the one and only remaining 1.,eng,1,0,1,0,1,0,1,0,0,0,1,0,en_8193da8f814c3173b58f21e0c22b12bd
"When I hear things like ""stooge for Russian aggression"" I know who the real stooge is",eng,1,0,1,0,0,1,1,0,1,1,1,0,en_8e68a7bcc441b11607d43610e9aaa674
Its no coincidence that today because of these progressive policies we now have an open air drug market. Hmmmm,eng,1,0,1,0,0,0,1,0,0,1,0,0,en_7e428780a79c97c3962859653d5ab4fc
Go to democrats and sabotage democrats.,eng,1,0,1,0,0,0,0,1,0,0,0,0,en_e5f7bbe9819815896375867f1e16b30c
"Does that cover lies about a stolen election, Gym?",eng,1,0,1,0,0,0,0,0,0,1,1,0,en_e4ad4dcd3f8aecd9aa574e5d8c931b6c
Apparently the Hamas attack was the weathers fault.,eng,1,0,1,0,1,0,1,0,0,1,0,1,en_35a04a21a59c23f14cd1487562c8601f
November 3rd was a stolen election,eng,1,0,1,0,0,0,0,1,0,1,0,0,en_02fdc210c75b2ec254444748b32406bb
Defund the Castleton Police Department DefundThePolice,eng,1,0,1,0,0,0,0,1,0,0,0,0,en_adb1551027c430f08591f12c666f682a
guerra? que guerra? es una invasion,spa,0,0,0,0,0,0,0,0,0,0,0,0,spa_a030ad2aac1640b3a98391b493ed8fbd
"fake, el personaje es de ascendencia judia",spa,0,0,0,0,0,0,0,0,0,0,0,0,spa_91344d487dc61131938f2d55f945b587
guerra mundial? solo hay paises en guerra no es mundial.,spa,0,0,0,0,0,0,0,0,0,0,0,0,spa_f83d7c4f77374c71d7158c76d2286218
"cierto, porque tenian un presidente decente y el lobby judio era precisamente el perseguido.",spa,0,0,0,0,0,0,0,0,0,0,0,0,spa_5adf74a88b68c5ee6ecd87e001fa9346
normal si tu es un musulman,spa,0,0,0,0,0,0,0,0,0,0,0,0,spa_545374cd79f6fb29be74bfeb70110eb9
la escuela feminista de pintura,spa,0,0,0,0,0,0,0,0,0,0,0,0,spa_4c6ccdc656f725b2cf621cfd216589e3
la cancion que me representa ahora que estoy deportado de los estados unidos.,spa,0,0,0,0,0,0,0,0,0,0,0,0,spa_8fa90720a705f56696662142e5dbeb0a
"claudia es judia, que no manche",spa,0,0,0,0,0,0,0,0,0,0,0,0,spa_fe0ab7d136c6bf3dd599f26046c4e55b
"cualquier guerra es ridicula.
cualquier guerra mundial es mundialmente ridicula.",spa,0,0,0,0,0,0,0,0,0,0,0,0,spa_abe7670e9f89bd111bae37c19861b535
alguien mas ha leido zorra con patatas?,spa,0,0,0,0,0,0,0,0,0,0,0,0,spa_68df635f9c7e1e7b5c23dc34e34cb524
"aypordios que llorera. martinez ares, feminista del ano ya.",spa,1,1,1,0,0,0,1,0,0,0,1,0,spa_c8d2df5438d47454f111ebb59b913dbd
"desde que me entere que ese termino ""toxico algo"" es una invencion evangelica ya no lo uso, cuidado que esconde discursos de odio",spa,1,0,1,1,0,0,1,0,1,0,0,0,spa_10cbf64b67679865c1613ea9ae6b7aa6
cualquier vago se hace pastor evangelico,spa,1,0,0,1,0,1,1,0,1,0,0,0,spa_09640b2f43e678e7bc6b0235e3630ecf
la reina de la corrupcion!,spa,1,0,1,0,0,1,1,0,0,1,0,0,spa_485e691e2c03ff591abc2d15b6ec53a0
a vos? trolita evangelica,spa,1,0,0,1,0,0,1,0,0,0,0,0,spa_4f3bd04235b739571ffd89d201ea23ab
"argentino y judio, bastante castigo de dios tienes tu ya.",spa,1,0,1,1,1,0,1,0,1,0,0,0,spa_c93249fc5ffeec389d061df56ad065f5
tan enfermo estas . indio,spa,1,0,0,0,1,0,1,0,1,0,1,0,spa_69cb5d95af9aa1b27f47f369606c5eb0
judio zionista traidor de cristo sos el anticristo.,spa,1,0,1,1,1,0,1,1,1,0,0,0,spa_41e6c71aed1b1de00fb1489d643120ad
orgulloso de sacarle la conchetumare a un pastor evangelico por meterse en weas que no debia.,spa,1,0,0,1,0,0,1,1,0,0,0,1,spa_1eee8fa1b9a108964a14e7b76ea8d6bb
la zorra al cuidado de las gallinas. pais de mierda.,spa,1,1,1,0,0,1,1,1,1,0,0,1,spa_eb39eaf1ee83e429b4de1e567509e8ac
╪к┘И ┌й┘Ж┌п╪▒┘ЗтАМ█М █▒█▒█╡╪М ╪м┘Д╪│┘З ┌п╪░╪з╪┤╪к┘Ж ┌й┘З ╪и╪▒╪▒╪│█М ┌й┘Ж┘Ж ╪▒┘И╪│█М┘З ┌Ж╪м┘И╪▒█М ╪к┘И ╪з┘Ж╪к╪о╪з╪и╪з╪к ╪п╪о╪з┘Д╪к ┌й╪▒╪п┘З ╪и┘И╪п╪М ╪м┘Д┘И█М ┌й┘Е█М╪к┘З ╪з╪╖┘Д╪з╪╣╪з╪к ╪│┘Ж╪з,fas,0,0,0,0,0,0,0,0,0,0,0,0,fas_136f18773afa57a5a49e44f4d94a5fc8
╪▒┘И╪з█М╪к ┘╛┘Ж╪з┘З┘Ж╪п┌п╪з┘Ж█М ┌й┘З ╪к┘И█М ╪и┘И█М╪▓█М ╪о┘И┘Ж┘З ┘╛█М╪п╪з ┌й╪▒╪п┘Ж ( ╪з╪▓  ┘Ж╪┤╪▒█М┘З),fas,0,0,0,0,0,0,0,0,0,0,0,0,fas_460edbb025b26bfff97ac79613b64e11
┘Б█М┘Ж╪│╪к╪▒╪з ╪п╪з╪▒┘З ╪п╪▒╪и╪з╪▒┘З┘Ф ╪з┌й╪л╪▒█М╪к ╪м╪п█М╪п ╪м┘Е┘З┘И╪▒█МтАМ╪о┘И╪з┘ЗтАМ┘З╪з ╪к┘И ┘Е╪м┘Д╪│ ╪н╪▒┘Б ┘Е█МтАМ╪▓┘Ж┘З╪М ┘З┘Е┘И┘Ж ┌п╪▓╪з╪▒╪┤┘Р ┘Е╪м┘Д┘ЗтАМ█М ╪в█М┘И╪з ┘Ж┘И╪▒╪ктАМ┘И╪│╪к.,fas,0,0,0,0,0,0,0,0,0,0,0,0,fas_4cf6de38d224d8ae45c5aff35b020134
█М┘З ╪▓┘Ж ┘Е╪н┘Д█М ┘И┘В╪к█М ┘╛╪▒┌Ж┘Е ╪к╪▒╪з┘Е┘╛ ┘И MAGA ╪▒┘И ╪▓╪п┘З ╪и┘И╪п╪М ╪к┘З╪п█М╪п ╪и┘З ┘Е╪▒┌п ╪┤╪п.,fas,0,0,0,0,0,0,0,0,0,0,0,0,fas_b27d7f136ae8936f54158ba73a697265
┌й╪│█М ┘З╪│╪к ┌й┘З ╪и╪к┘И┘Ж┘З ╪к╪▒╪з┘Е┘╛ ╪▒┘И ╪к┘И ╪в█М┘И┘И╪з ╪┤┌й╪│╪к ╪и╪п┘З╪Я,fas,0,0,0,0,0,0,0,0,0,0,0,0,fas_aaae9200e5c0d2d4e07f8f33e725f60d
┘Ж┘З ╪и┘З ┘Е╪з╪│┌й ╪и╪▒╪з█М ╪и┌Ж┘ЗтАМ┘З╪з╪Ы ╪в╪▒┘З ╪и┘З ╪н┘В┘И┘В ┘И╪з┘Д╪п█М┘Ж╪М ╪з┘Ж╪▒┌Ш█М╪М ┘И ╪з┘Е┘Ж█М╪к ┘Е╪▒╪▓┘З╪з,fas,0,0,0,0,0,0,0,0,0,0,0,0,fas_43dfa404377cc903701aca0164ae211c
┘З┘Е┘ЗтАМ┌Ж█М ╪п╪▒ ╪о╪з┘Ж┘И╪з╪п┘З ┘Е█МтАМ┘Е┘И┘Ж┘З: ┘╛╪│╪▒ ┌й┘Д╪з┘Ж╪к╪▒ ╪з┘Б╪│╪▒ ╪м╪п█М╪п ╪з╪п╪з╪▒┘З ╪з┘Е┘Ж█М╪к ╪┤╪п,fas,0,0,0,0,0,0,0,0,0,0,0,0,fas_253a562dd74a4c05d4ec67871af604ed
┘Е╪м┘Д╪│ █М┘З ╪и╪│╪к┘З ┌й┘Е┌й ┘Ж╪╕╪з┘Е█М █┤█░ ┘Е█М┘Д█М╪з╪▒╪п ╪п┘Д╪з╪▒█М ╪п█М┌п┘З ╪и╪▒╪з█М ╪з┘И┌й╪▒╪з█М┘Ж ╪к╪╡┘И█М╪и ┌й╪▒╪п╪Ы ┘╛┘И┘Д╪┤ ╪п┘В█М┘В╪з┘Л ╪з╪▓ ┌й╪м╪з ┘Е█М╪з╪п╪Я╪Я╪Я,fas,0,0,0,0,0,0,0,0,0,0,0,0,fas_721be7754ed96f09e8fe612e59f47812
╪и╪╣╪п ╪з╪▓ ╪з╪о╪▒╪з╪м ╪з╪о█М╪▒╪М ╪м┘Е┘З┘И╪▒█МтАМ╪о┘И╪з┘З╪з┘Ж ╪п╪▒ ┘Б┌й╪▒ ╪з╪о╪▒╪з╪м ┘Е╪к ┌п█М╪к╪│ ┘З╪│╪к┘Ж╪п,fas,0,0,0,0,0,0,0,0,0,0,0,0,fas_69adc0fd01f4b8634e9069ea1ef38bed
╪╖╪и┘В ╪и╪▒┘Ж╪з┘Е┘З╪М ┘Ж╪з╪к┘И ┘Е╪│╪ж┘И┘Д█М╪к ┘З┘Е╪з┘З┘Ж┌п█М ┌й┘Е┌йтАМ┘З╪з█М ┘Ж╪╕╪з┘Е█М ╪║╪▒╪и ╪и┘З ╪з┘И┌й╪▒╪з█М┘Ж ╪▒┘И ╪з╪▓ ╪в┘Е╪▒█М┌й╪з ╪к╪н┘И█М┘Д ┌п╪▒┘Б╪к┘З тАФ ╪и┘З ┌п┘Б╪к┘ЗтАМ█М █М┌й ┘Е┘Ж╪и╪╣╪М ╪з█М┘Ж ╪з┘В╪п╪з┘Е ╪и╪▒╪з█М ┘Е╪н╪з┘Б╪╕╪к ╪з╪▓ ╪з█М┘Ж ╪▒┘И┘Ж╪п ╪н┘Е╪з█М╪к█М ╪п╪▒ ╪и╪▒╪з╪и╪▒ ╪▒╪ж█М╪│тАМ╪м┘Е┘З┘И╪▒ ┘Е┘Ж╪к╪о╪и ╪в┘Е╪▒█М┌й╪з╪М ╪п┘И┘Ж╪з┘Д╪п ╪к╪▒╪з┘Е┘╛╪М ┌й┘З ╪и┘З ┘Ж╪з╪к┘И ╪и╪п╪и█М┘Ж ┘З╪│╪к╪М ╪з┘Ж╪м╪з┘Е ╪┤╪п┘З.,fas,0,0,0,0,0,0,0,0,0,0,0,0,fas_a73ada7e9e725a8276694e39975191f7
┘╛╪│ ┘Б╪▒╪│╪к╪з╪п┘Ж ┌й┘Е┌й ┘Ж╪╕╪з┘Е█М ╪и┘З ╪з┘И┌й╪▒╪з█М┘Ж ╪▒╪з ┌Ж┘З ┘Е█МтАМ┘Ж╪з┘Е█М╪п╪Я,fas,1,0,1,0,0,0,0,0,0,0,1,0,fas_7716865d9581541b0cd1e5f18ff43135
╪╕╪з┘З╪▒╪з┘Л ╪н┘Е┘Д┘З┘Ф ╪н┘Е╪з╪│ ╪к┘В╪╡█М╪▒ ┘З┘И╪з ╪и┘И╪п┘З!,fas,1,0,1,0,1,0,1,0,0,0,1,1,fas_11430a5d082754eb1387c0502fc06111
█М┌й ╪│╪з┘Д ┘Е█М┘Д╪з╪п█М ╪п█М┌п┘З╪М █М┌й ┘Ж╪│┘ДтАМ┌й╪┤█М ╪п█М┌п┘З╪М ┘╛╪о╪┤ ╪▓┘Ж╪п┘З ╪и╪▒╪з█М ╪│╪▒┌п╪▒┘Е█М ╪┤┘Е╪з!  ┘Б┘Д╪│╪╖█М┘Ж╪М ╪з╪│╪▒╪з╪ж█М┘Д╪М ╪в┘Е╪▒█М┌й╪з╪М ┘Д╪и┘Ж╪з┘Ж╪М ┌й╪▒█М╪│┘Е╪│╪М ╪│╪з┘Д ┘Ж┘И...,fas,1,0,1,1,1,0,0,1,0,1,0,0,fas_ee3c5ecca752044be7bd539afbfb6665
╪и╪▒┘И ╪│╪▒╪з╪║ ╪п┘Е┘И┌й╪▒╪з╪ктАМ┘З╪з ┘И ╪о╪▒╪з╪и╪┤┘И┘Ж ┌й┘Ж!,fas,1,0,1,0,0,0,1,0,1,1,0,0,fas_068d91521589bdd81441796bed387ccd
╪з┘И┘Ж ╪┤╪з┘Е┘Д ╪п╪▒┘И╪║тАМ┘З╪з█М█М ╪п╪▒╪и╪з╪▒┘З┘Ф ╪к┘В┘Д╪и ╪п╪▒ ╪з┘Ж╪к╪о╪з╪и╪з╪к ┘З┘Е ┘Е█МтАМ╪┤┘Ж╪М ╪м█М┘Е╪Я,fas,1,0,1,0,0,0,1,1,0,0,0,0,fas_64bd1aecf5cb8732a3b58da978cb5ef5
╪╡┘З█М┘И┘Ж█М╪│┘Е ┘В┘Д╪и █М┘З┘И╪п█М╪к ╪з╪│╪к.,fas,1,0,1,1,1,0,1,1,0,0,0,0,fas_3aa70413b88946d1352c60b92dcb473f
╪з┘Ж╪к╪о╪з╪и╪з╪к ╪│┘И┘Е ┘Ж┘И╪з┘Е╪и╪▒ ╪▒┘И ╪п╪▓╪п█М╪п┘З ╪и┘И╪п┘Ж!,fas,1,0,1,0,0,0,1,0,0,1,0,0,fas_0e59ada88cde195929bdf63d8deec4d3
┘Б┌й╪▒ ┘Е█МтАМ┌й┘Ж█М ╪з█М┘Ж┌й┘З ╪н┘Е╪з╪│ ╪з╪▓ ┘Е╪▒╪п┘Е ╪и┘З ╪╣┘Ж┘И╪з┘Ж ╪│┘╛╪▒ ╪з┘Ж╪│╪з┘Ж█М ╪з╪│╪к┘Б╪з╪п┘З ┘Е█МтАМ┌й┘Ж┘З╪М ┘Е█МтАМ╪к┘И┘Ж┘З ╪▒╪и╪╖█М ╪и┘З ╪з█М┘Ж ┘Е┘И╪╢┘И╪╣ ╪п╪з╪┤╪к┘З ╪и╪з╪┤┘З╪Я,fas,1,0,1,0,1,0,1,1,1,1,1,1,fas_d72a4101bfc55735359f401d662d5968
╪и┘З ┘З┘Е█М┘Ж ╪п┘Д█М┘Д┘З ┌й┘З ╪м┘Е┘З┘И╪▒█МтАМ╪о┘И╪з┘З╪з ╪п╪з╪▒┘Ж ╪│╪╣█М ┘Е█МтАМ┌й┘Ж┘Ж ╪н┘В ╪▒╪г█М ╪▓┘Ж╪з┘Ж ╪▒┘И ╪и┌п█М╪▒┘Ж!,fas,1,1,1,0,0,0,1,0,0,1,0,0,fas_1f54e6e7a9a8005e0633a65190d6ec71
╪и╪▒┘И █М┘З ╪п┘И╪│╪ктАМ╪п╪о╪к╪▒ ╪┤┘З╪▒┘ГтАМ┘Ж╪┤█М┘Ж ╪к┘И█М ┌й╪▒╪з┘Ж┘З ╪и╪з╪о╪к╪▒█М ┘╛█М╪п╪з ┌й┘Ж!,fas,1,1,1,0,1,0,0,0,0,0,0,0,fas_c1303863356c10cf3877bb43e4e4c674
#saynotoalmajiri: touching story of almajiri boy who aspires to become a #governor someday! ##url тАж @username,hau,0,0,0,0,0,0,0,0,0,0,0,0,hau_d17758a4eb625ed731c59e8019e6f916
#arewahetoo is abused. ЁЯСЗЁЯСЗЁЯСЗ police arrest almajiri teacher over alleged sexual abuse of pupils. #almajirichild #abused #exploited #deprive #childrensday2019 @username ##url ##url,hau,0,0,0,0,0,0,0,0,0,0,0,0,hau_82cd43689c20158e07744e292ae4738b
ba mu harkar yahudawa ЁЯШВЁЯдн ##url,hau,0,0,0,0,0,0,0,0,0,0,0,0,hau_16599354d5d49ba06349755ba8d146f3
gidadawa a sunan wurin ko? ##url,hau,0,0,0,0,0,0,0,0,0,0,0,0,hau_11be170691070c700e4f7c72150eb788
wata yar tiktok tace akwai qaracin tarbiyya a twitter.ЁЯШЕ wahala no de finish ЁЯШЕЁЯШЕЁЯШЕЁЯТФ,hau,0,0,0,0,0,0,0,0,0,0,0,0,hau_d366fe9c8cdbce80c421101355f147cb
@username nagode kaji wawiya,hau,0,0,0,0,0,0,0,0,0,0,0,0,hau_c99065ec45a5ce54c6e1dc590ff60280
@username na karya da maltina ЁЯдгЁЯШВ,hau,0,0,0,0,0,0,0,0,0,0,0,0,hau_5d2fe751e94be42f57847a807859cc6a
"We are at times or most of the times religiously stupid, that's just that... Duk wanda yake sin cutar damu sai ya zo da sunan addini. Haka muke tin fil-azal. Mi tatsine ya ce shi malami ne, a karshe ya halakar da yayan arewa. Muhammadu Yusuf ya halakarda dubbai da sunan addini.",hau,0,0,0,0,0,0,0,0,0,0,0,0,hau_5a94ae0d267c776a823556b123ec0dda
@username mata marasa hankali sai tweeting suke yi,hau,0,0,0,0,0,0,0,0,0,0,0,0,hau_6376dda534e0f1e0ea28ba25a2954b9c
@username shegiya yar arniyan buru uba jaka sarka daya wanka biyu dashi yar wahala otundo ##url,hau,0,0,0,0,0,0,0,0,0,0,0,0,hau_f6f77c1033d1f35704fd9fb8a8fa9521
"so,almajiri cannot do his begging again ....issokay ...diarrisgodooo @username : mallam is dat u lookn Normal Hausa @username have to pay for this. jakunan banza yan wahala @username sunfiku kawo titles mah mtswwww Offensive Hausa @username this proves only one thing, that he met the govt. ni i heard his audio then, he was giving excuses that christian's dot interfere with their activities, but izala do, and that a vote for a christian means more peace, rather than dan izala. Normal Hausa true they'll even be calling you kabila ##url Normal Hausa ni wai dama gombe garin arna ne ko kudu ce? #justiceforbillirimuslims Normal Hausa @username go through my post and coming during pre presidential election. i warned my igbo brother not to make mistakes of aiding tinubu to presidency with the obedient movement, i told them tinubu guys in lagos and south west will show them shege . Normal Hausa @username see jamb scorer... ehen. i pass my jamb with flying colors 7years ago. go an read my bio... daqiqin jahili kawai. Offensive Hausa @username : gej = bh"" wanda ya bishi ma kafiri ne .. kuma ubansa ya daki hancin uwasssa",hau,1,0,0,1,1,0,0,1,0,0,1,0,hau_6f3edf2e11aa247772db5311aecf0e79
"Kwankwaso yaba qaunar Zaman lpy da cigaban Kano, haka kace, to metasa yafi ku yawan magoya baya, ya qwace komai awajen ku, yabar ku kuna ta ihu kamar Karnuka.",hau,1,0,1,0,0,0,0,0,0,0,0,1,hau_9b03c7c73bf561ac219043ec0bc5d85f
"In the history of Kano baтАЩa ta6a yan jagaliya bah irin yan Gandujiyya, munga me akai a inconclusive rai baтАЩa bakin komai yake ba akan biyan bukatunsu. тАЬKoda tsiya koda tsiya tsiyaтАЭ тАЬRanar zabe kada Allah ya kiyayeтАЭ wannan kadan daga maganganun da suka fito daga bakin shugaban jamiyyarku ne. Kun dawo da Aminu saboda ayi asarar rayuka da dukiya a garin nan, wannan mummunar manufar taku bazata faru ba bi iznilllahi",hau,1,0,1,0,0,0,0,1,0,0,0,1,hau_1b6f253da0d9286defbfc6672ed12466
"Wlh b wani gara a cikin su, da Iyamuri da Bayareben duk Yan iskan ne yanzu ba da hausawan Ake cutar mu ba",hau,1,0,0,0,1,0,1,0,0,0,0,0,hau_e7c3093375c8bde9a4edc88d36ec04cc
"Wasa wasa fa Minister of Agriculture daqiqine, kamar ma Hayatee ce take gaya masa me ya kamata yayi ЁЯШВЁЯТА",hau,1,0,1,0,0,0,0,1,1,0,0,0,hau_6276021510f934a5f13cc46eaa743e40
tun da akayi duniya ba asararre kamar talakan arne maisa cross din roba ЁЯШвЁЯШн @username,hau,1,0,0,1,0,0,0,1,0,0,0,0,hau_15713944d8ac8089f8093d1e31cea787
Mufa yan Kaduna wani irin kallo ake mana kamar mu ba cikakkun musulmai ba ne you hear comments like kyankyasan inji yan bariki yen yen yen toh idan an isa idan mutum shi keda wuta ko aljanna ya hana mu shiga aljannar ya maka mu wutan. I hate nonsense.,hau,1,0,0,1,1,0,0,0,1,0,0,0,hau_3726f08cc1b901f617c0905f3dd580d3
Shi kuma @ShehuSani ai so yake yayi wa tinubu aiki domin a cigaba da azabtar da yan Nigeria,hau,1,0,1,0,0,0,0,1,0,0,0,1,hau_38bbda2ac102a3d11f5c7435e2a156a3
"Babu yadda xaai mutum ya bar hanyar Allah kuma ya ga yadda yake so dole ya rin╞Щa haduwa da yan tasha yan uwansa, kinbar gida kin zo wani gari Kin tare taya zaai kema Allah yai miki yadda kike so,",hau,1,1,0,1,0,0,0,0,1,0,0,0,hau_e00b7b93e7a428dad83640cae6578fff
Allah ya kyauta wai sarki da taka mota yana mika gaisuwa wannan san mulki naka ale Aminu dame yayi kama ЁЯдгЁЯдг @Miniko_jnr @Asad_Mukty @INYAMURI @Tkr__khalifa Kings Wani Rashin Daraja a Gurin AMINU BLACKЁЯШЕЁЯШЕЁЯШЕ,hau,1,0,1,0,0,0,0,0,1,0,0,0,hau_cdfae7527863f97503c30fc62219febd
Anurag thakur рдкрд░рд┐рд╡рд╛рд░рд╡рд╛рдж  ka hi result hai  ЁЯдгЁЯдгЁЯдг,hin,0,0,0,0,0,0,0,0,0,0,0,0,hin_392672ba26606ab4ad98c177b9125b6f
рдЖрдк  рджреЗрд╢рджреНрд░реЛрд╣реА рдЧрджреНрджрд╛рд░ рджрдВрдЧрд╛рдЗрдпреЛрдВ рдХреА рдкрд╛рд░реНрдЯреА рд╣реИ,hin,1,0,1,0,0,0,1,1,0,0,0,0,hin_64137247cb5caeccfdfec4901d99b791
рдЬрд┐рд╕ рдордЬрд╣рдм рд╕реЗ рдЬрд╛рдирд╡рд░ рднреА рдкреНрдпрд╛рд░ рдХреА рдЙрдореНрдореАрдж рдирд╣реАрдВ рдХрд░рддрд╛ЁЯЩД\nрдкрддрд╛ рдирд╣реАрдВ рдХреИрд╕реЗ рд╣рд┐рдВрджреВ рд▓рдбрд╝рдХрд┐рдпрд╛ рдЙрдирд╕реЗ рдкреНрдпрд╛рд░ рдХреА рдЙрдореНрдореАрдж рдХрд░ рд▓реЗрддреА рд╣реИрдВ ,hin,1,0,0,1,0,0,1,1,1,0,0,0,hin_b5fd58e272f56318702b13dc82f4b49b
"рднрд╛рд░рдд рдХрд╛ рд╕рд╛рдорд╛рдЬрд┐рдХ, рд░рд╛рдЬрдиреИрддрд┐рдХ рдФрд░ рдЖрд░реНрдерд┐рдХ рдмрджрд▓рд╛рд╡ рдмреНрд░рд╛рд╣реНрдордгрд╡рд╛рдж рдХреЗ рдирд╛рд╢ рдХреЗ рдмрд┐рдирд╛ рд╕рдВрднрд╡ рд╣реА рдирд╣реАрдВ рд╣реИ....!!",hin,1,0,1,0,1,0,0,0,1,0,0,0,hin_4e3754a00a6c64328123abe0576b49b2
"рдЖрджрд░рдгреАрдп рдореЛрд╣рджрдп рдЬреА! рднрдЧрд╡рд╛рдХрд░рдг рдирд╣реАрдВ рдЖрдк рдмреНрд░рд╛рд╣реНрдордгрд╡рд╛рдж рдХреЛ рдмрдврд╝рд╛рд╡рд╛ рджреЗ рд░рд╣реЗ рд╣реЛ, рдЬрд┐рд╕рдореЗрдВ рдУрдмреАрд╕реА-рдПрд╕рдЯреА-рдПрд╕рд╕реА рдХрд╛ рдХреЛрдИ рд╕реНрдерд╛рди рдирд╣реАрдВ рд╣реИред",hin,1,0,0,1,1,0,0,0,1,0,0,0,hin_78a740f2dedcf04405a4cf13043e55bb
"#рдЯреБрдХрдбрд╝реЗ_рдЯреБрдХрдбрд╝реЗ_рдЧреИрдВрдЧ рджреЗрд╢ рдЪрд▓рд╛ рд░рд╣реА рд╣реИ \nрдпрд╣реА рддреЛ рдЕрдЪреНрдЫреЗ рджрд┐рди рд╣реИ #L_bhakto\nрдЪрд╛рдЯреЛ рдкреАрд▓реА рдкреАрд▓реА ЁЯШЫЁЯШЫЁЯШЫЁЯШЫ"", ",hin,1,0,0,1,0,0,1,1,0,0,0,0,hin_1e9486a463390cfc6305626e655a021c
рд▓рд╡_рдЬрд┐рд╣рд╛рдж рдХреА рдШрдЯрдирд╛рдПрдВ рд▓рдЧрд╛рддрд╛рд░ рд╣реЛ рд░рд╣реА рд╣реИред,hin,1,0,0,1,0,0,1,0,0,0,0,0,hin_ab80cbfdd0f7eca04f4c47ac004ebe21
рдЕрдЦрд┐рд▓реЗрд╢ рдХреА рд╕рд░рдХрд╛рд░ рдкрд░рд┐рд╡рд╛рд░рд╡рд╛рдж рдХреА рд╕рд░рдХрд╛рд░ред,hin,1,0,1,0,0,0,0,0,1,0,0,0,hin_2f7d8e14bf3200d11fbac36d090bf08b
"рдЬрд╛рддрд┐рд╡рд╛рдж + рддреБрд╖реНрдЯрд┐рдХрд░рдг + рдорд╛рдлрд┐рдпрд╛рд░рд╛рдЬ + рдЧреБрдВрдбрд╛рд░рд╛рдЬ + рдкрд░рд┐рд╡рд╛рд░рд╡рд╛рдж + рд╣рд┐рдиреНрджреБрд╡рд┐рд░реЛрдз = рд╕рдкрд╛""",hin,1,0,1,0,1,0,0,0,1,0,0,0,hin_d12e4735ee1206ce94ee3c00bb29cbcd
рд▓реЛрдХрддрдВрддреНрд░ рдХреЛ рд╕рдмрд╕реЗ рдмрдбрд╝рд╛ рдЦрддрд░рд╛ рдкрд░рд┐рд╡рд╛рд░рд╡рд╛рдж рд╕реЗ рд╣реИ,hin,1,0,0,0,1,0,0,0,1,0,0,0,hin_04914fbebc54d94c61dc7176f8a64da5
"рд╕реВрд░рдЬ рдирд┐рдХрд▓реЗрдЧрд╛, рдХрдорд▓ рдЦрд┐рд▓реЗрдЧрд╛ред\n\nрд░рд╛рд╖реНрдЯреНрд░рд╡рд╛рдж рдЬреАрддреЗрдЧрд╛, рдкрд░рд┐рд╡рд╛рд░рд╡рд╛рдж рд╣рд╛рд░реЗрдЧрд╛ред",hin,1,0,0,0,1,0,1,0,1,0,0,0,hin_0c8fac50754064de6da569d1ef60b494
SP рдкрд░рд┐рд╡рд╛рд░рд╡рд╛рдж рдЪрд▓рддрд╛ рд╣реИ рдЗрд╕рд▓рд┐рдП рднрд╖реНрдЯреНрд░рд╛рдЪрд╛рд░ рдореЗ рдбреВрдмрд╛ рд╣реИ ред,hin,1,0,1,0,0,0,0,0,1,0,0,0,hin_2469d0711087c3d27529783490ec8e31
"рдХрд▓\n\nрд╡реЛрдЯ рдХрд░реЗрдВрдЧреЗ рд░рд╛рд╖реНрдЯреНрд░рд╡рд╛рдж рдХреЛ рдФрд░ \nрдЪреЛрдЯ рдХрд░реЗрдВрдЧреЗ рдкрд░рд┐рд╡рд╛рд░рд╡рд╛рдж рдХреЛ ЁЯЪйЁЯЪй""",hin,1,0,0,0,1,0,1,0,1,0,0,0,hin_a8c71f9e63de18a540dbb65925d0fb3e
рдкрд░рд┐рд╡рд╛рд░рд╡рд╛рдж рдорд┐рдЯрд╛рдирд╛ рд╣реИ рддреЛ рдПрдХ рдмрд╛рд░ рдлрд┐рд░ рдореЛрджреА рдЬреА рдХреЛ рд▓рд╛рдирд╛ рд╣реИ,hin,1,0,1,0,0,0,0,0,1,0,0,0,hin_39f509a551f5f5f5e970991f3581c034
"рднреНрд░рд╖реНрдЯрд╛рдЪрд╛рд░ рдФрд░ рдкрд░рд┐рд╡рд╛рд░рд╡рд╛рдж рдХреЛ рдЬрдбрд╝ рд╕реЗ рдЙрдЦрд╛рдбрд╝ рдлреЗрдВрдХрдирд╛ рд╣реИ\nрдЬрд╛рдЧреЛ рд╕рдирд╛рддрдирд┐рдпреЛрдВ рдЬрд╛рдЧреЛ\n#рдЬрдп_рд╣рд┐рдВрджЁЯЩПЁЯЩПЁЯЗоЁЯЗ│""",hin,1,0,0,1,1,0,0,1,1,0,0,0,hin_abf3aa6c5fc3999e66c10e0b31997b7e
Bcci рдХрд╛ рдЪреЗрдпрд░рдореИрди рдЕрдорд┐рдд рд╢рд╛рд╣ рд╣реИрдВ рдпреЗ рдкрд░рд┐рд╡рд╛рд░рд╡рд╛рдж рдирд╣реАрдВ рд╣реИ рдХреНрдпрд╛ред рдЕрдиреНрдз рднрдХреНрдд,hin,1,0,1,0,0,0,0,0,1,0,0,0,hin_b494637e0c1ebf63c5e423ea155caa97
"рдкрд╢реНрдЪрд┐рдо рдпреВрдкреА рдХреА рдЬрдирддрд╛ рдХрд▓ рдПрдХ рдмрд╛рд░ рдлрд┐рд░ рдкрд░рд┐рд╡рд╛рд░рд╡рд╛рдж рдХреЛ рдирдХрд╛рд░ рдХрд░ рд░рд╛рд╖реНрдЯреНрд░рд╡рд╛рдж рдкрд░ рдореЛрд╣рд░ рд▓рдЧрд╛рдиреЗ рд╡рд╛рд▓реА рд╣реИред\n#UpYoGi_рд╕рдВрдХрд▓реНрдк"", ",hin,1,0,1,0,0,0,0,0,1,0,0,0,hin_351e1762c6dfaeb00d9a5d0ab7062aa9
"рдХрд╛рдВрдЧреНрд░реЗрд╕ рджреЗрд╢ рд╡рд┐рд░реЛрдзреА рджреЗрд╢рджреНрд░реЛрд╣реА рд╣реИ""",hin,1,0,1,0,0,0,1,0,1,0,0,0,hin_1544124800af2411d7a8a96196b3e79c
"Mulla рд╣реИ рджреЗрд╢рджреНрд░реЛрд╣реА рддреЛ рд╣реЛрдЧрд╛ рд╣реАред"",",hin,1,0,0,1,0,0,1,1,1,0,0,0,hin_7938f37695bd2335e0778153513be7dd
" рдХреНрдпреЛ рд░реЗ рджреЗрд╢рджреНрд░реЛрд╣реА рджрд▓рд╛рд▓, рдЖрдВрджреЛрд▓рди рдЬреАрд╡реА рдХреАрдбрд╝реЗ",hin,1,0,0,0,1,0,1,0,1,0,0,0,hin_ebcdf1dc0c18579d506d35795fec4769
"meno male che li avete rispediti in libia @DaniloToninelli @luigidimaio (lтАЩaltro manco lo considero). possiamo mica accollarci pure gli aborti delle africane, vero.
 ah gi├а, ma voi siete quelli buoni che hanno eletto @Roberto_Fico alla camera.
 karma is a bitch.
 #migranti #SeaWatch",ita,0,0,0,0,0,0,0,0,0,0,0,0,ita_3a807efab2d545e4d30c37db760916d8
"Non si ├и mai visto a memoria dтАЩuomo un popolo migrare verso uno Stato in #recessione.
 I #migranti non vengono qua per 
 ЁЯФ╣Lavorare
 ЁЯФ╣Avere un futuro 
 Ma per sostituirsi agli autoctoni cacciandoli via.
 ScopoтЭУ
 LA DIASPORA DEGLI ITALIANI 
 (Popolo pi├╣ uniti di quanto crediate)",ita,0,0,0,0,0,0,0,0,0,0,0,0,ita_c8e32ad862d8d6e7d348c7035c8e50c6
"Cedric Herrou, una multa che ├и una vittoria per il contadino-passeur che aiuta i migranti a frontiera Italia-Francia https://t.co/tpmlPmLT1J",ita,0,0,0,0,0,0,0,0,0,0,0,0,ita_b55bd371ab8a4b7bd61f705366d2c336
"@LNnerviano mussulmani di PD a palazzo Chigi, tagliagolla in Libia, libici in Italia, Italia senza italiani. Pinotti/Gentiloni dimettetevi.",ita,0,0,0,0,0,0,0,0,0,0,0,0,ita_41d9df053ac61e34534d9198b30f869f
Solo i terroni. Per i rom c'e` il lager a via del Riposo https://t.co/S5QFeNge06,ita,0,0,0,0,0,0,0,0,0,0,0,0,ita_38b0ff1f93fa8399468200c4883236af
"milioni di turchi in Germania,Olanda,Austria etc hanno votato a favore dell'islamizzazione appartengono alla terza-quarta generazione",ita,0,0,0,0,0,0,0,0,0,0,0,0,ita_f97e709b71d197b370a15e2d18f7dfa4
"Ecco Guy Verhofstadt (ALDE), nuovo alleato del @Mov5Stelle: ├и a favore di #Euro, #migranti e #austerit├а, ed amico dтАж https://t.co/UdTJO0BO4t",ita,0,0,0,0,0,0,0,0,0,0,0,0,ita_29f4e440d23b0982181e47a0b0dd4918
basata immigrati in Italia basta,ita,0,0,0,0,0,0,0,0,0,0,0,0,ita_5bbb525b049d4c6318c0923364dcef32
"Quelli che davanti alle stragi terroristiche ""condanniamo la violenza in ogni sua forma"" A posto. #jesuisCharlie https://t.co/nybASs9Hda",ita,0,0,0,0,0,0,0,0,0,0,0,0,ita_343ce98efcd08fbfbc2cdc544df83f37
"#daleggere @monzfreelance su Roma, nomadi e integrazione https://t.co/akFOWPKkOM",ita,0,0,0,0,0,0,0,0,0,0,0,0,ita_92b8fd9c654fd86a4cd7f0d964e248ee
Gli stranieri prima sfornano figli a manetta poi cercano sussidi... Per gli italiani nessuno fa niente anzi se sei in difficolt├а economica ti tolgono pure i figli...,ita,1,0,0,0,1,0,0,0,0,0,0,0,ita_88de7c8a581bc4b9dcfd38273f3d25c6
Ve lo dico adesso. Meglio morta che califfata. #islam #musulmani https://t.co/hcbpOCM83g,ita,1,0,0,1,0,0,0,0,0,0,0,0,ita_e5f63bb9b828f072571588361859938f
"#dallavostraparte Tutti gli #immigrati, 90% #clandestini, hanno diritto in #Italia tranne noi #italiani mi spiegate dov'├и l'errore???",ita,1,0,0,0,1,0,0,0,0,0,0,0,ita_4a89b0604a532477e7cd8e01f0bea8a9
"Se qualcuno di voi mi dimostra che negri, rom, islamici e clandestini sono davvero risorse, GIURO CHE BACIO IL CULO ALLA KYENGE!!!",ita,1,0,0,1,0,0,0,0,0,0,0,0,ita_b4a8957786ee0196412c658032ab9178
"Per i #sinistrati tutto ├и cultura.La merda #africana, la #MafiaNigeriana e relativi #Stupri, #Spaccio, #Prostituzione,l'#islam con i suoi precetti, #SposeBambine, #Infibulazioni, #DonneVelate...Tutto ci├▓ che ├и diverso dalla nostra civilt├а avanzata, per loro ├и #Cultura. https://t.co/qAe7gHcbLp",ita,1,0,0,1,0,0,0,0,0,0,0,0,ita_bb8a7ab6b026f488bd6dcc2976463af5
"Niente di pi├╣ vergognoso!! sfamare e pagare parassiti,sporchi,luridi.ladri,spacciatori,assassini,stupratori,terroristi afri-cani e lasciare e digiuno chi per una vita intera si e fatto in 4 per sfamare questo paese.VERGOGNA!!! https://t.co/JhUIew3R7E",ita,1,0,0,1,0,0,0,0,0,0,0,0,ita_1b1d8106b5dc4c7c288712429bafb946
#agorarai il PD ha fatto entrere una invasione di immigrati che si saperva bene che ├и quasi impossibile rimpatriare perch├и i paesi di origine non li vogliono perch├и sanno che sono tutti criminali e dicono teneteveli https://t.co/VV0GvByEih,ita,1,0,0,0,1,0,0,0,0,0,0,0,ita_c98f065bf7abf26e7fc3351f1126274f
"@ellyesse Tanto a te che ti frega...In Svizzera,fuori dalla UE,i migranti clandestini non arrivano.Non devi vivere con un C.I.E. vicino casa,con all'interno 70 risorse,non devi subire il furto di 3 biciclette,e 2 furti in casa.Comodo farsi bella,con il culo degli altri.IPOCRITA...",ita,1,0,0,0,1,0,0,0,0,0,0,0,ita_771464acd1f83b6c155913792f4f3a37
"@PatriziaRametta Altro che #giletgialli dovremo indossare ЁЯШа nessuno fa notare alla signora che i terroristi sono tutti legalizzati, integrati con sussidi, casa, pensioni, e gli illegali, spacciatori e stupratori ? Ue di pace che ha portato la guerra fra popoli !! Infami ЁЯШа",ita,1,0,0,1,0,0,0,0,0,0,0,0,ita_87239c4e61a307b10b60ca6a5461043d
"@1Natsu01 Sei semplicemente stupido e obnubilato dalla tua ideologia pro immigrati che difende anche gli immigrati stupratori, in quanto sempre vittime, anche se stupratori, stuprano molto di pi├╣, una donna italiana se aggredito ├и molto probabile sia un immigrato e ci├▓ ├и assurdo",ita,1,0,0,0,1,0,0,0,0,0,0,0,ita_5b99318a4cb1fba82913738efe019f89
сАЩсАШсАЮсАбсАЫсАнсАпсА╕сААсАнсАпсААсА║ сАРсА╜сА▒ сАбсАЩсА╗сАнсАпсА╕ сАШсАмсАЮсАм сАЮсАмсАЮсАФсАм сАШсАмсАКсАм сАРсА╜сА▒ сАбсАХсА▒сАлсААсА║ сАРсА╜сА▒ сАХсАнсАРсА║ сАЬсАнсАпсА╖,mya,1,0,1,1,0,0,0,0,1,0,0,1,mya_d51418c4b846d7d79bf6f40d125290fc
сАФсАосАХсАнсАФсА║сА╕ сАРсА╜сА▒ сАбсАЩсА╗сАнсАпсА╕ сАЦсА╗сААсА║ сАФсА▒ сАХсА╝сАо ЁЯЩД ЁЯЩД,mya,1,0,1,0,0,0,1,0,1,0,0,0,mya_574ee8814fd9d0b6226d465175c04e8d
сАбсАДсА║сАРсАмсАЧсА╗сА░сА╕ сАРсАм сАРсА╜сА▒ сАА сАЬсАКсА║сА╕ сАбсА▓сА╖сАЬсАнсАп сАЕсА▒сАмсААсА║сАРсАЬсА╜сА▓ сАЩсАбсА▒сАШсА▒сА╕ сАЩсА╗сАмсА╕ сААсАнсАп сАЩсА╛ сАЧсА╗сА░сА╕ сАЫ сАЬсАмсА╕ сАЯ,mya,1,0,0,0,0,1,0,1,0,0,0,1,mya_5c56562d7b0c8ffb8f18bf251fdbd40d
сАЯсАосАЫсАнсАЮсА╝сАРсА╣сАРсАХсА╣сАХ сАРсАЫсАмсА╕ сААсАДсА║сА╕сАЩсА▓сА╖ сАРсА▓сА╖ сАЬсАпсАХсА║сАЫсАХсА║ сАХсАл сАЩсА╝сАФсА║сАЩсА╝сАФсА║ сАЦсАЩсА║сА╕ сАХсА╝сАосА╕ сАбсАЫсА▒сА╕сАЪсА░ сАХсА▒сА╕ сАХсАл сАбсАЫсА╛сААсА║сАбсААсА╝сА▒сАмсААсА║ сАЩ сАЫсА╛сАн сАЬсАнсАпсААсА║ сАРсАм сАЫсА╜сА╢ сАЕсАЫсАм сАбсАЫсАЩсА║сА╕ сААсА▒сАмсАДсА║сА╕ сАХсАл сАРсАЪсА║ ЁЯШгтШ╣я╕ПЁЯЩБЁЯШб,mya,1,0,0,0,0,1,1,1,0,0,0,0,mya_bf8438bf67ff1f3a8f1e59eb8d175c93
сАФсАДсА║ сАРсАнсАпсА╖ music сАЬсА▒сАмсАА сАА сАЬсАКсА║сА╕ сАЦсАмсАРсАФсА║сА╕ сААсА╝сАосА╕ сААсАнсАп сАЦсА╝сАЕсА║ сАЬсАнсАпсА╖ ЁЯдг,mya,1,0,0,0,0,1,0,1,1,0,0,1,mya_3a61e0a940bc305d504f17966a89ef5f
сАЬсА▒сАмсАДсА║сА╕сААсАЕсАмсА╕ сАбсА▒сА╕сАВсА╗сАДсА║сА╖ сАЖсАнсАп сАРсА▒сАмсА╖ сАШсА▒сАмсАЩ|po сАЖсАнсАп сАРсАм сАЮсАн сАЬсАнсАпсААсА║ сАХсАл сАХсА╝сАо ЁЯдг ЁЯдг,mya,1,0,0,0,0,1,1,1,1,0,0,0,mya_d80ad90a71c58c442c0771253f0ed346
сАФсАКсА║сА╕ сАРсА▒сАмсАДсА║ сАФсАКсА║сА╕ сАФсА▒ сАЮсА▒сА╕ сАРсАЪсА║ сАбсА▓сАТсАо сАБсА╜сА▒сА╕ сАРсАЕсА║ сААсА▒сАмсАДсА║ сАЮсА▒ сАХсА▒сАЩсА▓сА╖ сАбсА▓сАТсАо сАБсА╜сА▒сА╕ сААсА╝сА▒сАмсАДсА║сА╖ сАДсАл сАРсАнсАпсА╖ сАХсА╝сАКсА║сАЮсА░ сАШсАЪсА║сАФсА╛ сАЪсА▒сАмсААсА║ сАРсА▒сАмсАДсА║ сАЩсА╗сАмсА╕ сАТсАпсААсА╣сАБсАЫсА▒сАмсААсА║ сАБсА▓сА╖ сАЬсА▓ сАЮсАн сАЬсАнсАпсА╖ сАЬсАмсА╕,mya,1,0,1,0,0,0,1,0,1,0,1,1,mya_d9fabf8a01d5b3ee3880ded4234291ba
сАЮсА░сА╖ сАШсАм сАЮсА░ сАбсАнсАЩсА║ сАСсА▓ сАА сАФсА▒ сАЫсАДсА║сА╕ сБК сАШсАм сАРсА▒сАмсА║сАЬсА╛сАФсА║ сАЫсА▒сА╕ сАЩсА╛ сАРсА▒сАмсАДсА║ сАЩ сАХсАл сАРсА▓сА╖ сАЮсА░ сАРсА╜сА▒ сАФсАДсА║сА╖ сАХсАСсА╜сА▒сА╕ сАРсА╜сА▒ сАХсАЕсА║ сАЬсАнсАпсААсА║ сАЬсАнсАпсА╖ сАбсАЮсААсА║ сАЖсАпсА╢сА╕сАЫсА╛сАпсА╢сА╕ сАЮсА╜сАмсА╕ сАРсА▓сА╖ сААсАЬсА▒сА╕ сАРсА╜сА▒ сАРсАпсАФсА║сА╕ сАА сАЫсА▒сАм сАЫсАпсАХсА║сАХсА▒сАлсААсА║ сАРсАЪсА║ сАЬсАнсАпсА╖ сАЩ сАБсА╢сАЕсАмсА╕ сАБсА▓сА╖ сАЫ сАШсА░сА╕ сАЬсАмсА╕ ЁЯЩВ,mya,1,0,1,0,0,0,1,1,1,0,1,1,mya_0acf5210d195b77252e78492a2aa4834
сАбсАСсААсА║ сАЦсАмсА╕ сАбсА▒сАмсААсА║ сАЦсАн сАЬсАпсАХсА║ сАРсАРсА║ сАЫсАДсА║ сААсА╗сА╜сА▒сА╕ сАРсАм сАЕсАмсА╕ сАБсАнсАпсАДсА║сА╕ сАРсАм сАЬсАпсАХсА║ сАБсА╢ сАЩ сАХсА╝сА▒сАм сАФсА▓сА╖ сАЖсАнсАп сАРсА▓сА╖ сАРсАнсАЫсАнсАЕсА╣сАЖсАмсАФсА║сАЩсА░сАЭсАлсАТ|po сААсАнсАп сАЕсА╜сА▓сААсАнсАпсАДсА║ сАСсАмсА╕ сАРсАРсА║ сАЫсАДсА║ сАЖсАЫсАмсААсА╝сАосА╕ сАЬсАпсАХсА║ сАЬсАнсАпсА╖ сАЫ сАРсА▓сА╖ сАЕсАФсАЕсА║,mya,1,0,1,0,0,0,0,1,1,0,0,1,mya_a1c6d9f21740253ef65550ba79300e7b
сАбсАЩсА▒сАЫсАнсААсАмсА╕ сАЫсА▒сАмсААсА║ сАЖсАЪсА║сАЬсАо сАЩсА╗сАмсА╕ сАЭсАнсАпсАДсА║сА╕сАЭсАФсА║сА╕ сАБсА╗сА▒сА╕ сАБсА╗сА╜сАРсА║ сАЖсАпсА╢сА╕ сАЩ сАЬсАнсАпсААсА║ сАЫсАДсА║ сАРсА▒сАмсА╖ сААсА╗сАХсА║сАХсА╝сАКсА║сА╖ сАЮсА╜сАмсА╕ сАФсАнсАпсАДсА║ сААсА▒сАмсАДсА║сА╕ сАЫсА▓сА╖ ЁЯШЬ,mya,1,0,0,0,0,1,0,0,1,0,0,1,mya_2c07e63511067f7b84f940928e859d60
рдирдЧрд░рдкрд╛рд▓рд┐рдХрд╛рд▓реЗ рдирдпрд╛рдБ рд╡рд┐рджреНрдпрд╛рд▓рдп рдирд┐рд░реНрдорд╛рдг рдЧрд░реНтАНрдпреЛред,nep,0,0,0,0,0,0,0,0,0,0,0,0,nep_4409190b9f30507e558da24347ad6501
рдпреБрд╡рд╛ рдкреБрд╕реНрддрд╛рд▓реЗ рд╕рдорд╛рдЬ рд╕реБрдзрд╛рд░реНрдиреЗ рдКрд░реНрдЬрд╛ рд▓реНрдпрд╛рдЙрдБрдЫред,nep,0,0,0,0,0,0,0,0,0,0,0,0,nep_b320c3c3916be21e295e44010aba67ba
рд╕рд░рдХрд╛рд░рдХреЛ рдирдпрд╛рдБ рдпреЛрдЬрдирд╛ рд╢рд┐рдХреНрд╖рд╛ рд╕реБрдзрд╛рд░рдХреЛ рд▓рд╛рдЧрд┐ рд╣реЛред,nep,0,0,0,0,0,0,0,0,0,0,0,0,nep_34f8681f415bc89aef37c946add20743
рдЕрдкрд╛рдВрдЧ рд╡реНрдпрдХреНрддрд┐рд╣рд░реВрд▓рд╛рдИ рд╕рд╛рд░реНрд╡рдЬрдирд┐рдХ рдард╛рдЙрдБрдорд╛ рд╕рд╣рдЬреАрдХрд░рдг рдЧрд░рд┐рдиреБрдкрд░реНрдЫред,nep,0,0,0,0,0,0,0,0,0,0,0,0,nep_c4d1e88c3b709741c3acb2671c065166
рд╡рд┐рджреНрдпрд╛рд▓рдпрдорд╛ рдЖрдЬ рд╡реГрдХреНрд╖рд░реЛрдкрдг рдХрд╛рд░реНрдпрдХреНрд░рдо рднрдпреЛред,nep,0,0,0,0,0,0,0,0,0,0,0,0,nep_43463fca158934b41a9f19b0ea0d463b
рджреЗрд╢рдХреЛ рд╡рд┐рдХрд╛рд╕рдорд╛ рд╕рдмреИ рдирд╛рдЧрд░рд┐рдХрдХреЛ рднреВрдорд┐рдХрд╛ рд╣реБрдиреНрдЫред,nep,0,0,0,0,0,0,0,0,0,0,0,0,nep_4a9b08bd90080481a10820f9dfc900f1
рдпреБрд╡рд╛рд▓реЗ рд░реЛрдЬрдЧрд╛рд░реАрдХреЛ рдЕрд╡рд╕рд░ рдЦреЛрдЬреНрди рд╡рд┐рджреЗрд╢ рдЬрд╛рдиреБ рдкрд░рд┐рд░рд╣реЗрдХреЛ рдЫред,nep,0,0,0,0,0,0,0,0,0,0,0,0,nep_36997532fb27fd7b406c9c22621decff
рдпреЛ рд╡рд░реНрд╖рдХреЛ рдмрд╛рдвреАрд▓реЗ рд╣рдЬрд╛рд░реМрдБ рдХрд┐рд╕рд╛рди рдкреНрд░рднрд╛рд╡рд┐рдд рднрдПред,nep,0,0,0,0,0,0,0,0,0,0,0,0,nep_8aafd5bedcf8aa003fe4e208f7eb1423
рд╕рд╡рд╛рд░реА рд╕рд╛рдзрдирдХреЛ рдЪрд╛рдкрдХрд╛ рдХрд╛рд░рдг рдмрд┐рд╣рд╛рдирдХреЛ рдпрд╛рддреНрд░рд╛ рдХрд╖реНрдЯрдХрд░ рд╣реБрдиреНрдЫред,nep,0,0,0,0,0,0,0,0,0,0,0,0,nep_df24d7208b8017153f3a1ba0af5d4c6d
рдХреГрд╖рд┐рдорд╛ рдЖрдзреБрдирд┐рдХреАрдХрд░рдг рдЬрд░реБрд░реА рднрдЗрд╕рдХреЗрдХреЛ рдЫред,nep,0,0,0,0,0,0,0,0,0,0,0,0,nep_487391f51099abeb568658611c92cec0
рдпреА рдХрд╛рдБрдЧреНрд░реЗрд╕рдХрд╛ рдиреЗрддрд╛рд╣рд░реВ рджреЗрд╢ рдмреЗрдЪреНрдиреЗрд╣рд░реВ рд╣реБрдиреНред,nep,1,0,1,0,0,0,0,1,1,0,0,0,nep_fea1e5813895f329976b667357fbb363
рдмреНрд░рд╛рд╣реНрдордгрд╣рд░реВ рд╕рдзреИрдВ рдмрдвреА рд╕реБрд╡рд┐рдзрд╛ рдорд╛рдЧреНрдЫрдиреНред,nep,1,0,0,0,0,1,0,0,1,0,0,0,nep_70cee8d11ab1c7b8e793f8dc6a66ffb8
рдЗрд╕рд╛рдИрд╣рд░реВ рд╣рд╛рдореНрд░реЛ рд╕рдВрд╕реНрдХреГрддрд┐ рдкрд░рд┐рд╡рд░реНрддрди рдЧрд░реНрди рдЪрд╛рд╣рдиреНрдЫрдиреНред,nep,1,0,0,1,0,0,1,0,1,0,0,0,nep_cc05f9b5529b256b455b4a5463f6c292
"рдорд╣рд┐рд▓рд╛рд╣рд░реВ рдорд╛рддреНрд░ рдШрд░рдореБрдирд┐ рдмрд╕реНрдЫрдиреН, рдЙрдиреАрд╣рд░реВ рдиреЗрддреГрддреНрд╡рдХрд╛ рд▓рд╛рдЧрд┐ рдпреЛрдЧреНрдп рдЫреИрдирдиреНред",nep,1,1,0,0,0,0,0,0,1,1,0,0,nep_04fd88330f1b0546eecbcdee566e6a17
рд╕рдорд▓рд┐рдВрдЧреАрд╣рд░реВ рд╡рд┐рдХреГрдд рд╡реНрдпрд╡рд╣рд╛рд░ рдлреИрд▓рд╛рдЙрдБрдЫрдиреНред,nep,1,1,0,0,0,0,1,1,1,0,0,0,nep_c2f8b907ba0c54b585fcf80d0ee07960
рдмреБрджреНрдзрд┐рдЬреАрд╡реАрд╣рд░реВ рд╡реНрдпрд╡рд╣рд╛рд░рд┐рдХ рдХрд╛рдо рдЧрд░реНрди рд╕рдХреНрджреИрдирдиреНред,nep,1,0,0,0,0,1,0,0,1,0,0,0,nep_048a04859dafdd5cd6448483588190a0
рдЪреАрдиреАрд╣рд░реВрд▓реЗ рд╕рд╕реНрддреЛ рд╕рд╛рдорд╛рди рдЧреБрдгрд╕реНрддрд░рд╣реАрди рдмрдирд╛рдЙрдБрдЫрдиреНред,nep,1,0,0,0,1,0,0,0,1,0,0,0,nep_65e63c6584b8ae2ce087324059a2c74d
рд╡реГрджреНрдзрд╣рд░реВ рдЯреЗрдХреНрдиреЛрд▓реЛрдЬреА рдмреБрдЭреНрди рд╕рдХреНрджреИрдирдиреНред,nep,1,0,0,0,0,1,0,0,1,0,0,0,nep_a395e5b132cbb56e8f1e10534af991e3
рдзрд░реНрдордХреЛ рдирд╛рдордорд╛ рдШреГрдгрд╛ рдлреИрд▓рд╛рдЙрдиреЗ рдХрд╛рдо рдмрдиреНрдж рд╣реБрдиреБрдкрд░реНрдЫред,nep,1,0,0,1,0,0,1,0,0,0,0,0,nep_f28e9c7a3f461aa11879c95582346de4
рдЕрд▓реНрдкрд╕рдВрдЦреНрдпрдХ рд╕рдореБрджрд╛рдпрдорд╛рдерд┐ рдШреГрдгрд╛рддреНрдордХ рдЯрд┐рдкреНрдкрдгреА рдмрдвреНрджреИ рдЫрдиреНред,nep,1,0,0,0,1,0,1,0,1,0,0,0,nep_edd43317db355f8cb640d74c80e1d813
"╨Ь╨╕╨│╤А╨░╨╜╤В╤Л, ╨║╨╛╤В╨╛╤А╤Л╨╝ ╨┐╨╛╨▓╨╡╨╖╨╗╨╛ ╨╛╨║╨░╨╖╨░╤В╤М╤Б╤П ╨▓ ╨Ш╤В╨░╨╗╨╕╨╕, ╤Б ╨▓╨╛╤Б╤В╨╛╤А╨│╨╛╨╝ ╨┐╨╡╤А╨╡╨╜╨╕╨╝╨░╤О╤В ╨╝╨╡╤Б╤В╨╜╤Г╤О ╨║╤Г╨╗╤М╤В╤Г╤А╤Г, ╨╛╨▒╤Л╤З╨░╨╕ ╨╕ ╨┐╨╛ ╨┤╨╛╤Б╤В╨╛╨╕╨╜╤Б╤В╨▓╤Г ╨╛╤Ж╨╡╨╜╨╕╨╗╨╕ ╨╖╨╜╨░╨╝╨╡╨╜╨╕╤В╤Г╤О ╨╕╤В╨░╨╗╤М╤П╨╜╤Б╨║╤Г╤О ╨║╤Г╤Е╨╜╤О.",rus,0,0,0,0,0,0,0,0,0,0,0,0,rus_21d6625f16532834fcbbebd3cad67e71
"╨Ц╨╕╤В╨╡╨╗╨╕ ╨╖╨░╨║╤А╤Л╤В╨╛╨│╨╛ ╨д╨╛╨║╨╕╨╜╨╛ ╨▒╤М╤О╤В ╤В╤А╨╡╨▓╨╛╨│╤Г. ╨б╤В╤А╨░╤В╨╡╨│╨╕╤З╨╡╤Б╨║╨╕ ╨▓╨░╨╢╨╜╤Л╨╣ ╨│╨╛╤А╨╛╨┤ ╨╜╨░ ╨▒╨╡╤А╨╡╨│╤Г ╨п╨┐╨╛╨╜╤Б╨║╨╛╨│╨╛ ╨╝╨╛╤А╤П ╤Б ╤Б╨╡╨║╤А╨╡╤В╨╜╨╛╨╣ ╨▒╨░╨╖╨╛╨╣ ╨Т╨Ь╨д ╨╖╨░╨┐╨╛╨╗╨╛╨╜╨╕╨╗╨╕ ╨╝╨╕╨│╤А╨░╨╜╤В╤Л ╨╕╨╖ ╨б╤А╨╡╨┤╨╜╨╡╨╣ ╨Р╨╖╨╕╨╕. ╨У╨╛╤А╨╛╨┤ ╤Б╨╡╨╝╨╡╨╣ ╨╛╤Д╨╕╤Ж╨╡╤А╨╛╨▓ ╨▓ ╨║╨╛╤В╨╛╤А╤Л╨╣ ╨┐╨╛╨┐╨░╤Б╤В╤М ╨▒╨╡╨╖ ╨┐╤А╨╛╨┐╤Г╤Б╨║╨░ ╨▒╤Л╨╗╨╛ ╨╜╨╡╨▓╨╛╨╖╨╝╨╛╨╢╨╜╨╛, ╤В╨╡╨┐╨╡╤А╤М ╨║╨╕╤И╨╕╤В ╨╕╨╜╨╛╤Б╤В╤А╨░╨╜╤Ж╨░╨╝╨╕, ╤Е╨╛╨┤╤П╤В ╤В╨╛╨╗╨┐╨░╨╝╨╕, ╨┐╨╛-╤А╤Г╤Б╤Б╨║╨╕ ╨╜╨╡ ╨│╨╛╨▓╨╛╤А╤П╤В",rus,0,0,0,0,0,0,0,0,0,0,0,0,rus_7d65bbcdaab59bcd79ebbda94530faae
╨Ь╨╕╨│╤А╨░╨╜╤В╤Л ╨▒╤А╨╛╤Б╨╕╨╗╨╕ ╨║╨╛╨║╤В╨╡╨╣╨╗╤М ╨Ь╨╛╨╗╨╛╤В╨╛╨▓╨░ ╨▓ ╨┐╨╛╨│╤А╨░╨╜╨╕╤З╨╜╨╕╨║╨╛╨▓ ╨╜╨░ ╨┐╨╛╨╗╤М╤Б╨║╨╛-╨▒╨╡╨╗╨╛╤А╤Г╤Б╤Б╨║╨╛╨╣ ╨│╤А╨░╨╜╨╕╤Ж╨╡. ╨н╤В╨╛ ╨┐╨╛╤З╨╡╨╝╤Г-╤В╨╛ ╨╜╨╡ ╤Г╨▒╨╡╨┤╨╕╨╗╨╛ ╤Б╨╛╨╗╨┤╨░╤В ╨┐╤А╨╛╨┐╤Г╤Б╤В╨╕╤В╤М ╨╕╤Е ╨╜╨░ ╤В╨╡╤А╤А╨╕╤В╨╛╤А╨╕╤О ╤Б╤В╤А╨░╨╜╤Л,rus,0,0,0,0,0,0,0,0,0,0,0,0,rus_9971d5ef3bf95ad93026cf64e4f37185
╨Ъ╨░╨║ ╨╢╨╡ ╨╗╤О╨▒╨╕╨╗ ╤Н╤В╤Г ╨┐╨╡╤А╨╡╨┤╨░╤З╤Г. ╨Ъ╨░╨║ ╨╡╤С ╤В╨░╨╝? ╨Ю╤Е╤Г╨╡╨▓╤И╨╕╨╡ ╤З╤Г╤А╨║╨╕.,rus,0,0,0,0,0,0,0,0,0,0,0,0,rus_5735e5317e99e9e30c2d35f224c4fb85
"╨Ю╤В╨║╤А╤Л╨╗ ╨┤╨╛╨╝╨╛╨▓╨╛╨╣ ╤З╨░╤В, ╨░ ╤В╨░╨╝ ╨▓╨░╤В╨╜╨╕╨║╨╕ ╨▓╤Б╨╡╤А╤М╤С╨╖ ╤А╨░╤Б╤Б╤З╨╕╤В╤Л╨▓╨░╤О╤В, ╤З╤В╨╛ ╨┐╤Г╤В╨╕╨╜ ╨╜╨╡ ╨┤╨╛╨┐╤Г╤Б╤В╨╕╤В ╨┐╨╛╨▓╤Л╤И╨╡╨╜╨╕╤П ╤В╨░╤А╨╕╤Д╨╛╨▓ ╨Ц╨Ъ╨е. ╨Ч╨░╨║╤А╤Л╨╗ ╨┤╨╛╨╝╨╛╨▓╨╛╨╣ ╤З╨░╤В. ╨Ф╨╛╨▒╤А╨╛╨╡ ╤Г╤В╤А╨╛!",rus,0,0,0,0,0,0,0,0,0,0,0,0,rus_cc613b724836ce270299895f8a5e7233
"╨Ю╤Б╨╜╨╛╨▓╨╜╨░╤П ╨║╨╜╨╕╨│╨░ ╨Ъ╨░╤А╨╗╨░ ╨Ь╨░╤А╨║╤Б╨░ - ""╨Ъ╨░╨┐╨╕╤В╨░╨╗"". ╨Ш ╨┐╨╛╤Б╨╗╨╡ ╤Н╤В╨╛╨│╨╛ ╨║╨╛╨╝╨╝╤Г╨╜╨╕╤Б╤В╤Л ╨║╤А╨╕╤З╨░╤В - ""╨╝╤Л ╨┐╤А╨╛╤В╨╕╨▓ ╨║╨░╨┐╨╕╤В╨░╨╗╨╕╤Б╤В╨╛╨▓""?",rus,0,0,0,0,0,0,0,0,0,0,0,0,rus_b34fb3d98272551ebe0a0ed606863052
"╨д╨╡╨╝╨╕╨╜╨╕╤Б╤В╨║╨╕ ╨▒╤Г╨┤╤Г╤В ╨▓╨╛╨╛╨▒╤Й╨╡ ╨▓ ╤И╨╛╨║╨╡ ╤Г╨╖╨╜╨░╨▓, ╤З╤В╨╛ ╨╕ ╨╜╨░ ╨╝╨░╤А╨║╨╡╤В╨┐╨╗╨╡╨╣╤Б╨░╤Е ╨╖╨░ ╤Д╨╛╤В╨╛╨│╤А╨░╤Д╨╕╨╕ ╨│╨┤╨╡ ╨╝╨╡╨╢╨┤╤Г ╤П╨│╨╛╨┤╨╕╤Ж ╨▓╤Б╤В╨░╨▓╨╗╤П╤О╤В ╨╜╨╡╨╛╨╢╨╕╨┤╨░╨╜╨╜╤Л╨╣ ╤В╨╛╨▓╨░╤А тАФ ╨╛╤В╨▓╨╡╤З╨░╨╗╨╕ ╨╢╨╡╨╜╤Й╨╕╨╜╤Л.",rus,0,0,0,0,0,0,0,0,0,0,0,0,rus_01e61389561af36dd0aba92d2a33d4f5
"╨Ъ╤А╨░╤Б╨╛╤В╨░ ╨Ц╨╡╨╜╤Й╨╕╨╜╤Л ╨┤╨╛╨╗╨╢╨╜╨░ ╨▒╤Л╤В╤М ╨▓╨╕╨┤╨╜╨░ ╨▓ ╨╡╤С ╨│╨╗╨░╨╖╨░╤Е... ╨н╤В╨╛ ╨┤╨▓╨╡╤А╤М ╨▓ ╨╡╤С ╤Б╨╡╤А╨┤╤Ж╨╡, ╨▓ ╤В╨╛ ╨╝╨╡╤Б╤В╨╛, ╨│╨┤╨╡ ╨╢╨╕╨▓╤С╤В ╨╡╤С ╨╗╤О╨▒╨╛╨▓╤М... ╨Ш╨╜╨╛╨│╨┤╨░, ╨┐╨╛╤Б╨╝╨╛╤В╤А╨╡╨▓ ╨▓ ╨│╨╗╨░╨╖╨░ ╤З╨╡╨╗╨╛╨▓╨╡╨║╨░.... ╨б╨Ы╨Ю╨Т╨Р ╤Г╨╢╨╡ ╨╜╨╡ ╨╕╨╝╨╡╤О╤В ╨╖╨╜╨░╤З╨╡╨╜╨╕╤П....",rus,0,0,0,0,0,0,0,0,0,0,0,0,rus_4629767f7106f81b03ace3b72f9c0967
"╨Ф╨░╨▓╨╕╨┤ ╨╕ ╨У╨╛╨╗╨╕╨░╤ДтАж ╨Т╤Б╨╡ ╨╖╨╜╨░╤О╤В ╨╕╤Б╤В╨╛╤А╨╕╤О ╨╛ ╤В╨╛╨╝, ╨║╨░╨║ ╨╝╨╛╨╗╨╛╨┤╨╛╨╣ ╨Ф╨░╨▓╨╕╨┤, ╨▒╤Г╨┤╤Г╤Й╨╕╨╣ ╤Ж╨░╤А╤М ╨Ш╤Г╨┤╨╡╨╕ ╨╕ ╨Ш╨╖╤А╨░╨╕╨╗╤П ╨┐╨╛╨▒╨╡╨╢╨┤╨░╨╡╤В ╨╛╨│╤А╨╛╨╝╨╜╨╛╨│╨╛ ╤Д╨╕╨╗╨╕╤Б╤В╨╕╨╝╨╗╤П╨╜╤Б╨║╨╛╨│╨╛ ╨▓╨╛╨╕╨╜╨░ ╨У╨╛╨╗╨╕╨░╤Д╨░, ╨┐╨╛╤В╨╛╨╝╨║╨░ ╨▓╨╡╨╗╨╕╨║╨░╨╜╨╛╨▓-╤А╨╡╤Д╨░╨╕╨╝╨╛╨▓. ╨б╤В╨░╤А╤Л╨╣ ╨Ш╤А╨░╨╜, ╨▓ 75 ╤А╨░╨╖ ╨┐╤А╨╡╨▓╤Л╤И╨░╤О╤Й╨╕╨╣ ╨Ш╨╖╤А╨░╨╕╨╗╤М ╨┐╨╛ ╨┐╨╗╨╛╤Й╨░╨┤╨╕ ╨╕ ╨▓ 10 ╤А╨░╨╖ ╨┐╨╛ ╨╜╨░╤Б╨╡╨╗╨╡╨╜╨╕╤О, ╨╜╨╡ ╤Г╤Б╤В╨╛╤П╨╗ ╨┐╨╡╤А╨╡╨┤ ╨╝╨╛╨╗╨╛╨┤╤Л╨╝ ╨▓╨╛╨╕╨╜╨╛╨╝.",rus,0,0,0,0,0,0,0,0,0,0,0,0,rus_324c09cece0f8d693da72d3c24234aed
╨Ь╨╕╨╜╤В╤А╨░╨╜╤Б ╨╕ ╨╝╨╕╨╜╤Д╨╕╨╜ ╤Б╨╛╨│╨╗╨░╤Б╨╛╨▓╨░╨╗╨╕ ╨▓╨╗╨╛╨╢╨╡╨╜╨╕╨╡ ╨┐╨╛╨╗╤Г╨╝╨╕╨╗╨╗╨╕╨░╤А╨┤╨░ ╤И╨╡╨║╨╡╨╗╨╡╨╣ ╨▓ ╨┤╨╛╤А╨╛╨│╨╕ ╨Ш╤Г╨┤╨╡╨╕ ╨╕ ╨б╨░╨╝╨░╤А╨╕╨╕,rus,0,0,0,0,0,0,0,0,0,0,0,0,rus_79199644f89fafafb4cf665a149df7bb
"╤З╤Г╤А╨║╨╕ ╨╕╨╖╨▒╨╕╨╗╨╕ ╤З╤Г╤А╨║╤Г ╨╖╨░ ╤В╨╛, ╤З╤В╨╛ ╨╛╨╜ ╨┐╤А╨╕╨╡╤Е╨░╨╗ ╨▓ ╤И╨╛╤А╤В╨░╤Е ╨▓ ╨б╨╡╨▓╨╡╤А╨╜╤Г╤О ╨Ю╤Б╨╡╤В╨╕╤О...
╨г ╨╝╨╡╨╜╤П ╨▓╨╛╨┐╤А╨╛╤Б,- ╨╡╤Б╨╗╨╕ ╤П ╨╜╨╡ ╤Е╨╛╤З╤Г ╨╢╨╕╤В╤М ╤Б ╤Н╤В╨╕╨╝╨╕ ╨┤╨╕╨║╨░╤А╤П╨╝╨╕, ╨╜╨░╨▓╨╡╤З╨╜╨╛ ╨╖╨░╤Б╤В╤А╤П╨▓╤И╨╕╨╝╨╕ ╨▓ ╤Б╤А╨╡╨┤╨╜╨╡╨▓╨╡╨║╨╛╨▓╤М╨╡, ╨▓ ╨╛╨┤╨╜╨╛╨╣ ╤Б╤В╤А╨░╨╜╨╡, ╤П ╨╜╨░╤Ж╨╕╤Б╤В, ╤П ╨┐╨╗╨╛╤Е╨╛╨╣ ?
╨Р ╨╛╨╜╨╕ ╤Е╨╛╤А╨╛╤И╨╕╨╡ ╨╕ ╨╝╨╛╨╕ ╤Б╨╛╨│╤А╨░╨╢╨┤╨░╨╜╨╡, ╤В╨░╨║ ╤З╤В╨╛ ╨╗╨╕? ╨Р ╨╛╨╜╨╛ ╨╝╨╜╨╡ ╨╜╨░╨┤╨╛?!",rus,1,0,0,0,1,0,0,0,0,0,0,0,rus_63e6b74056b21aa5d978271e690b51ff
"╨║╨╛╨╝╨╝╤Г╨╜╨╕╨╖╨╝ ╤Е╤Г╨╢╨╡ ╨╜╨░╤Ж╨╕╨╖╨╝╨░, ╨▓╤Б╨╡ ╨║╨╛╨╝╨╝╤Г╨╜╨╕╤Б╤В╤Л ╤Е╤Г╨╢╨╡ ╨│╨╕╤В╨╗╨╡╤А╨░, ╨░ ╨▓╤Л, ╤В╤Г╨┐╤Л╨╡ ╨╗╨╡╨▓╤Л╨╡, ╨╜╨╕╤З╨╡ ╨╜╨╡ ╨┐╨╛╨╜╨╕╨╝╨░╨╡╤В╨╡ ╨┐╤А╨╛╤Б╤В╨╛",rus,1,0,1,0,0,0,0,0,0,0,0,0,rus_b53cc0236ad0de88c71fec97840ec4c9
╨Ъ╨╛╨│╨┤╨░ ╤Д╨╡╨╝╨╕╨╜╨╕╤Б╤В╨║╨╕ ╨│╨╛╨▓╨╛╤А╤П╤В ╤З╤В╨╛ ╨╝╤Г╨╢╤З╨╕╨╜╤Л ╨╜╨░╤И╨╕ ╨▓╤А╨░╨│╨╕ ╨╛╨╜╨╕ ╨╕╨╝╨╡╤О╤В ╨▓ ╨▓╨╕╨┤╤Г ╤З╤В╨╛ ╨╝╤Г╨╢╤З╨╕╨╜╤Л ╤Б╨┤╨╡╨╗╨░╨╗╨╕ ╨┤╨╛╤Е╤Г╤П ╨▓ ╨▒╨╛╤А╤М╨▒╨╡ ╨┐╤А╨╛╤В╨╕╨▓ ╨╢╨╡╨╜╤Й╨╕╨╜ ╨║╨░╨║ ╨║╨╗╨░╤Б╤Б╨░ ╨┐╨╛╤В╨╛╨╝╤Г ╤З╤В╨╛ ╨╝╤Л ╤Г╨╢╨╡ ╨┤╨░╨▓╨╜╨╛ ╨╕╤Е ╨▓╤А╨░╨│╨╕╨╜╨╕ ╨║╨╛╤В╨╛╤А╤Л╤Е ╨╛╨╜╨╕ ╤Г╨╜╨╕╤З╤В╨╛╨╢╨░╤О╤В ╨║╨░╨╢╨┤╤Л╨╣ ╨┤╨╡╨╜╤М ╨╕ ╨║╨░╨╢╨┤╤Л╨╣ ╤З╨░╤Б ╨╕ ╨Я╨а╨Ш ╨н╨в╨Ю╨Ь ╨╝╤Г╨╢╤З╨╕╨╜╤Л ╨┤╨╛ ╤Б╨╕╤Е ╨┐╨╛╤А ╨╜╨╡ ╨▓╤А╨░╨│╨╕ ╨┤╨╗╤П ╨╝╨╜╨╛╨│╨╕╤Е ╨╕╨╖ ╨╜╨░╤Б (╨║ ╤Б╨╛╨╢╨░╨╗╨╡╨╜╨╕╤О),rus,1,1,0,0,0,0,0,0,0,0,0,0,rus_dfb031005dc56677597d3eda3e71f4d6
"╨п ╤Б╤З╨╕╤В╨░╤О, ╤З╤В╨╛ ╨╝╨╡╤Б╤В╨╛ ╨╢╨╡╨╜╤Й╨╕╨╜╤Л ╨╜╨░ ╨║╤Г╨╜╨╕",rus,1,1,0,0,0,0,0,0,0,0,0,0,rus_4df940355376d8b4f35adbcd0c4d8725
"╨Ь╤Г╨╢╤З╨╕╨╜╨░, ╨╡╤Б╨╗╨╕ ╨║ 35 ╨│╨╛╨┤╨░╨╝ ╨╜╨╕╤З╨╡╨│╨╛ ╨╜╨╡ ╨┤╨╛╨▒╨╕╨╗╤Б╤П тАФ ╨╜╨╕╤З╨╡╨│╨╛ ╤Б╤В╤А╨░╤И╨╜╨╛╨│╨╛. ╨Ь╨╛╨╢╨╜╨╛ ╨╖╨░╨┐╨╕╤Б╨░╤В╤М╤Б╤П ╨▓ ╨║╨░╤З╨░╨╗╨║╤Г, ╨▓╤Л╤Г╤З╨╕╤В╤М JavaScript, ╨▓╤Л╨▒╨╕╤В╤М╤Б╤П ╨▓ ╨╗╤О╨┤╨╕ ╨╕ ╨╖╨░╨▓╨╡╤Б╤В╨╕ ╤Б╨╡╨╝╤М╤О. ╨Х╤Б╨╗╨╕ ╨╢╨╡╨╜╤Й╨╕╨╜╨░ ╨┐╤А╨╛╤Б╤А╨░╨╗╨░ ╤Б╨▓╨╛╤О ╨╢╨╕╨╖╨╜╤М ╨║ 35, ╤В╨╛ ╤А╨░╨┤╨╕╨║╨░╨╗╤М╨╜╨╛ ╤З╤В╨╛-╤В╨╛ ╨┐╨╛╨╝╨╡╨╜╤П╤В╤М ╨┐╨╛╤З╤В╨╕ ╨╜╨╡╨▓╨╛╨╖╨╝╨╛╨╢╨╜╨╛. ╨Э╨░╨▓╨╡╤А╨╜╨╛╨╡, ╨┐╨╛╤Н╤В╨╛╨╝╤Г ╨╕╤Г╨┤╨╡╨╕ ╨▓ ╤Б╨▓╨╛╨╕╤Е ╨╝╨╛╨╗╨╕╤В╨▓╨░╤Е ╨│╨╛╨▓╨╛╤А╤П╤В: ""╨С╨╗╨░╨│╨╛╤Б╨╗╨╛╨▓╨╡╨╜ ╨У╨╛╤Б╨┐╨╛╨┤╤М ╨╖╨░ ╤В╨╛, ╤З╤В╨╛ ╨╜╨╡ ╤Б╨╛╨╖╨┤╨░╨╗ ╨╝╨╡╨╜╤П ╨╢╨╡╨╜╤Й╨╕╨╜╨╛╨╣.""",rus,1,1,0,1,0,0,0,0,0,0,0,0,rus_7fca1727f391c17a6eabc01d88c0c6bf
"╨Ч╨╜╨░╨╡╤В╨╡ ╨┐╨╛╤З╨╡╨╝╤Г ╨╕╨╖╤А╨░╨╕╨╗╤М╤В╤П╨╜╨╡ ╤В╨░╨║╨╕╨╡ ╨║╤А╨╛╨▓╨╛╨╢╨░╨┤╨╜╤Л╨╡? ╨Я╨╛╤В╨╛╨╝╤Г ╤З╤В╨╛ ╨╛╨╜╨╕ ╨╕╤Г╨┤╨╡╨╕. ╨Ш╤Е ╨У╨╛╤Б╨┐╨╛╨┤╤М ╨╜╨╡ ╤Г╤З╨╕╨╗ ╨┐╤А╨╛╤Й╨░╤В╤М. ╨Р ╤В╨╛╨╗╤М╨║╨╛ ╨╛╨║╨╛ ╨╖╨░ ╨╛╨║╨╛ ╨╕ ╨╖╤Г╨▒ ╨╖╨░ ╨╖╤Г╨▒. ╨Р ╨╛╨╜╨╕ ╤Е╨╛╤А╨╛╤И╨╕╨╡ ╤Г╤З╨╡╨╜╨╕╨║╨╕ ╨╕ ╨║╤А╨░╤В╨╜╨╛ ╨╕╤Б╨┐╨╛╨╗╨╜╤П╤О╤В ╨▓╨╛╨╗╤О ╤Б╨▓╨╛╨╡╨│╨╛ ╨У╨╛╤Б╨┐╨╛╨┤╨░. ╨Р ╤Е╤А╨╕╤Б╤В╨╕╨░╨╜╨╡ ╨┐╤А╨░╨▓╨╛╤Б╨╗╨░╨▓╨╜╤Л╨╡ ╨╛╨╜╨╕ ╨┤╤А╤Г╨│╨╕╨╡. ╨Ь╤Л ╨▓╨╛╨╜ ╤Е╤Е╤Е╨╗╨╛╨▓ ╨║╨░╤А╨░╨╡╨╝, ╨╕ ╨┐╤А╨╕ ╤Н╤В╨╛╨╝ ╨╢╨░╨╗╨╡╨╡╨╝ ╨║╨░╨║ ╨┤╤Г╤А╨╜╤Л╤Е.",rus,1,0,0,1,1,0,0,0,0,0,0,0,rus_1dc83b7a0d2eb2b765077fa6fa6bd2c3
"╤В.╨╡. ╨╡╤Б╤В╤М ╨╕╨╖╨▒╤Л╤В╨╛╨║ ╤Н╨╗╨╡╨║╤В╤А╨╛╤Н╨╜╨╡╤А╨│╨╕╨╕ ╨▓ 21%, ╨╜╨╛ ╤Ж╨╡╨╜╤Л ╨┤╨╗╤П ╨╜╨░╤Б╨╡╨╗╨╡╨╜╨╕╤П , ╨║╨░╨┐╨╕╤В╨░╨╗╤О╨│╨╕ ╨╜╨╡ ╤Б╨╜╨╕╨╢╨░╤О╤В, ╨░ ╤В╨╛╨╗╤М╨║╨╛ ╨┐╨╛╨▓╤Л╤И╨░╤О╤В. ╨│╨┤╨╡ ╨╢╨╡ ╤В╨░ ╤А╤Г╨║╨░ ╤А╤Л╨╜╨║╨░ ╨╕╨╗╨╕ ╨║╨░╨║ ╨╡╤Й╤С ╨│╨╛╨▓╨╛╤А╤П╤В ╨╛╨▒╤Й╨╡╤Б╤В╨▓╨╡╨╜╨╜╤Л╨╣ ╨┤╨╛╨│╨╛╨▓╨╛╤А, ╨║╨╛╤В╨╛╤А╤Л╨╣ ╨┤╨╛╨╗╨╢╨╡╨╜ ╤Б╨╜╨╕╨╖╨╕╤В╤М ╤Ж╨╡╨╜╤Л ╨┐╤А╨╕ ╨╕╨╖╨▒╤Л╤В╨║╨╡? ╨Я╤А╨╕ ╤Б╨╛╤Ж╨╕╨░╨╗╨╕╨╖╨╝╨╡ ╤В╨░╨║╨╛╨╣ ╤Е╨╡╤А╨╜╨╕ ╨╜╨╡ ╨▒╤Л╨╗╨╛ ╨░ ╨▓ ╨▒╤Г╨┤╤Г╤Й╨╡╨╝, ╤В╨░╨║ ╨┐╨╛╨┤╨░╨▓╨╜╨╛",rus,1,0,1,0,0,1,0,0,0,0,0,0,rus_f8a9ca4e003414257d373d18feeb1469
"╨Ъ╨░╨║ ╨╢╨╡ ╨╝╨╡╨╜╤П ╨┤╨╛╤Б╤В╨░╨╗╨╕ ╨╜╨╛╤О╤Й╨╕╨╡ ╨░╨╣╤В╨╕╤И╨╜╨╕╨║╨╕, ╨╝╨╛╨╗ ╤Г ╨╜╨╕╤Е 6 ╤З╨░╤Б╨╛╨▓ ╨┐╨╛╨┤╤А╤П╨┤ ╨╝╨╛╨╖╨│ ╨╜╨╡╨┐╤А╨╡╤А╤Л╨▓╨╜╨╛ ╤А╨░╨▒╨╛╤В╨░╨╡╤В.

╨Ф╨░╨▓╨░╨╣╤В╨╡ ╨╛╤В╨║╤А╨╛╨╡╨╝ ╨░╨╣╤В╨╕╤И╨╜╨╕╨║╨░╨╝ ╤Б╨╡╨║╤А╨╡╤В, ╤З╤В╨╛ ╨Т╨б╨Х, ╨С╨Ы╨п╨в╨м, ╨Э╨Р ╨а╨Р╨С╨Ю╨в╨Х ╨Ф╨г╨Ь╨Р╨о╨в???

╨Т╨╛╨┤╨╕╤В╨╡╨╗╨╕ ╨░╨▓╤В╨╛╨▒╤Г╤Б╨░ ╨╜╨╡╨┐╤А╨╡╤А╤Л╨▓╨╜╨╛ ╨┤╤Г╨╝╨░╤О╤В ╨╕ ╤Б╨╗╨╡╨┤╤П╤В ╨╖╨░ ╨║╨╛╨╜╤Ж╨╡╨╜╤В╤А╨░╤Ж╨╕╨╡╨╣, ╨▓╤А╨░╤З╨╕ ╨┤╤Г╨╝╨░╤О╤В, ╤Е╨╕╨╝╨╕╨║╨╕ ╨┤╤Г╨╝╨░╤О╤В, ╨┤╨╕╨╖╨░╨╣╨╜╨╡╤А╤Л ╨┤╤Г╨╝╨░╤О╤В! ╨Т╨б╨Х!",rus,1,0,0,0,0,1,0,0,0,0,0,0,rus_61befff374cf65aee6e9e2b7907686b5
"╨Ч╨▓╤Г╤З╨╕╤В ╨╢╨╡╤Б╤В╨╛╨║╨╛, ╨╜╨╛ ╨▒╤Г╨┤╤Г╤Й╨╡╨╡ ╨╖╨░ ╨╜╨╡╨╣╤А╨╛╨╜╨║╨░╨╝╨╕: ╤З╨╡╨╗╨╛╨▓╨╡╨║ тАФ ╨║╨░╨┐╤А╨╕╨╖╨╜╨╛╨╡ ╤Б╨╛╨╖╨┤╨░╨╜╨╕╨╡, ╨║╨╛╤В╨╛╤А╨╛╨╡ ╨▓╤Л╤С╨╢╨╕╨▓╨░╨╡╤В╤Б╤П, ╨░ ╨╜╨╡╨╣╤А╨╛╨╜╨║╨░ ╨▒╤Г╨┤╨╡╤В ╤А╨░╨▒╨╛╤В╨░╤В╤М ╨▒╨╡╨╖ ╤Г╤Б╤В╨░╨╗╨╕ ╨╕ ╨╜╨╡ ╤В╤А╨╡╨▒╤Г╨╡╤В ╨╡╨┤╤Л.",rus,1,0,0,0,0,1,0,0,0,0,0,0,rus_1845bff8aaf5f44ecf9a9d50d03fa88c
"╨Т ╨а╨╛╤Б╤Б╨╕╨╕ ╨╜╤Г╨╢╨╜╨╛ ╨┐╤А╨╡╤Б╨╡╨║╨░╤В╤М ╨╜╨╡╨╖╨░╨║╨╛╨╜╨╜╨╛╨╡ ╨╕╤Б╨┐╨╛╨╗╤М╨╖╨╛╨▓╨░╨╜╨╕╨╡ ╨╜╨╡╨╣╤А╨╛╨╕╨╜╤В╨╡╤А╤Д╨╡╨╣╤Б╨╛╨▓ ╨╕ ╤В╨╡╤Е╨╜╨╛╨╗╨╛╨│╨╕╨╣ ╨╜╨╡╨╣╤А╨╛╨╕╨╜╤Д╨╛╤А╨╝╨░╤В╨╕╨║╨╕. ╨Ю╨╜╨╕ ╨╕╤Б╨┐╨╛╨╗╤М╨╖╤Г╤О╤В╤Б╤П ╨┤╨╗╤П ╤В╨░╨╣╨╜╨╛╨╣ ╤Б╨╗╨╡╨╢╨║╨╕, ╨▓╨╕╨╖╤Г╨░╨╗╨╕╨╖╨░╤Ж╨╕╨╕ ╨┐╨░╨╝╤П╤В╨╕, ╨┐╨╡╤А╨╡╤Е╨▓╨░╤В╨░ ╨▓╨╛╨╗╨╕ ╨╗╤О╨┤╨╡╨╣. ╨Ъ ╤Б╨╛╨╢╨░╨╗╨╡╨╜╨╕╤О, #╨д╨б╨С ╨╜╨╡╨┤╨╛╤Б╤В╨░╤В╨╛╤З╨╜╨╛ ╨▒╨╛╤А╨╡╤В╤Б╤П ╤Б ╤Н╤В╨╕╨╝╨╕ ╨┐╤А╨╡╤Б╤В╤Г╨┐╨╜╤Л╨╝╨╕ ╨┐╤А╨╛╤П╨▓╨╗╨╡╨╜╨╕╤П╨╝╨╕",rus,1,0,1,0,0,1,0,0,0,0,0,0,rus_4ffc74ff7bd9f602cdbdf36db52de06e
р░кр▒Нр░░р░нр▒Бр░др▒Нр░╡р░В р░ир░┐р░ир▒Нр░и р░Хр▒Кр░др▒Нр░д р░╡р░┐р░жр▒Нр░пр░╛ р░╕р░Вр░╕р▒Нр░Хр░░р░г р░мр░┐р░▓р▒Нр░▓р▒Бр░ир▒Б р░Жр░ор▒Лр░жр░┐р░Вр░Ър░┐р░Вр░жр░┐.,tel,0,0,0,0,0,0,0,0,0,0,0,0,tel_d2ab67895772ab38dc98bfece758eca0
р░Жр░Чр░╕р▒Нр░Яр▒Б 9р░и р░░р░╛р░Цр▒А р░кр░Вр░бр▒Бр░Ч,tel,0,0,0,0,0,0,0,0,0,0,0,0,tel_cfe3576baa3e454998739662d12864e3
р░╣р▒Ир░жр░░р░╛р░мр░╛р░жр▒НтАМр░▓р▒Л р░Хр▒Кр░др▒Нр░д р░ор▒Нр░пр▒Вр░Ьр░┐р░пр░В р░кр▒Нр░░р░╛р░░р░Вр░нр░ор▒Ир░Вр░жр░┐,tel,0,0,0,0,0,0,0,0,0,0,0,0,tel_d676947e1d062b582c5fd80bc6819578
р░нр░╛р░░р░др░жр▒Зр░╢р░Вр░▓р▒Л р░Ър░╛р░▓р░╛ р░ор░Вр░жр░┐ р░╣р░┐р░Вр░жр▒В р░ор░др░╛р░ир▒Нр░ир░┐ р░Ер░ир▒Бр░╕р░░р░┐р░╕р▒Нр░др░╛р░░р▒Б,tel,0,0,0,0,0,0,0,0,0,0,0,0,tel_50b67c3539958e72d04fe5938faa6b9a
р░кр▒Нр░░р░кр░Вр░Ъ р░Жр░░р▒Лр░Чр▒Нр░п р░╕р░Вр░╕р▒Нр░е р░Хр▒Кр░др▒Нр░д р░Чр▒Нр░▓р▒Лр░мр░▓р▒Н р░╣р▒Жр░▓р▒Нр░др▒Н р░╕р░░р▒Нр░╡р▒Ир░▓р▒Жр░ир▒Нр░╕р▒Н р░ир▒Жр░Яр▒НтАМр░╡р░░р▒Нр░Хр▒НтАМр░ир▒Б р░кр▒Нр░░р░╛р░░р░Вр░нр░┐р░Вр░Ър░┐р░Вр░жр░┐.,tel,0,0,0,0,0,0,0,0,0,0,0,0,tel_be000292130a8aa18c7e591b36bfc90b
р░ор░╛ р░╕р▒Нр░Хр▒Вр░▓р▒НтАМр░▓р▒Л р░Хр▒Кр░др▒Нр░д р░▓р▒Ир░мр▒Нр░░р░░р▒А р░кр▒Нр░░р░╛р░░р░Вр░нр░ор▒Ир░Вр░жр░┐,tel,0,0,0,0,0,0,0,0,0,0,0,0,tel_1fcf132591f85a0407ced37855e503e2
р░Хр▒Нр░░р░┐р░Хр▒Жр░Яр▒Н р░Ьр░Яр▒Нр░Яр▒Б р░░р▒Зр░кр▒Б р░Жр░╕р▒Нр░Яр▒Нр░░р▒Зр░▓р░┐р░пр░╛р░др▒Л р░ор▒Нр░пр░╛р░Ър▒Н р░Жр░бр▒Бр░др▒Бр░Вр░жр░┐.,tel,0,0,0,0,0,0,0,0,0,0,0,0,tel_55ff67e7e0326e895b9e7e73acdaba23
р░Чр░д р░жр░╢р░╛р░мр▒Нр░жр░Вр░▓р▒Л р░нр▒Вр░ор░┐ р░╕р░Чр░Яр▒Б р░Йр░╖р▒Нр░гр▒Лр░Чр▒Нр░░р░д р░╕р▒Бр░ор░╛р░░р▒Б 1.1 р░бр░┐р░Чр▒Нр░░р▒Ар░▓ р░╕р▒Жр░▓р▒Нр░╕р░┐р░пр░╕р▒Н р░кр▒Жр░░р░┐р░Чр░┐р░Вр░жр░┐.,tel,0,0,0,0,0,0,0,0,0,0,0,0,tel_bc49e4bbe78e1cf373101cb5b42ab1d2
р░Ир░░р▒Лр░Ьр▒Б р░╣р▒Ир░жр░░р░╛р░мр░╛р░жр▒НтАМр░▓р▒Л р░╡р░░р▒Нр░╖р░В р░кр░бр▒З р░Ер░╡р░Хр░╛р░╢р░В р░Йр░Вр░жр░┐.,tel,0,0,0,0,0,0,0,0,0,0,0,0,tel_bdef1e67c810554c22a645b48009571c
р░кр▒Нр░░р░кр░Вр░Ър░Вр░▓р▒Лр░ир░┐ р░др▒Кр░▓р░┐ р░мр▒Бр░▓р▒Нр░▓р▒Жр░Яр▒Н р░░р▒Ир░▓р▒Б 1964р░▓р▒Л р░Ьр░кр░╛р░ир▒НтАМр░▓р▒Л р░Яр▒Лр░Хр▒Нр░пр▒Л р░ир▒Бр░Вр░бр░┐ р░Тр░╕р░╛р░Хр░╛ р░╡р░░р░Хр▒Б р░кр▒Нр░░р░╛р░░р░Вр░нр░ор▒Ир░Вр░жр░┐.,tel,0,0,0,0,0,0,0,0,0,0,0,0,tel_6bbd980863bc159f4e346dc6a303ceac
р░И р░╕р░ор░╛р░Ьр░Вр░▓р▒Л р░ор░╣р░┐р░│р░▓ р░ор░╛р░Яр░Хр▒Б р░╡р░┐р░▓р▒Бр░╡ р░др░Хр▒Нр░Хр▒Бр░╡,tel,1,1,0,0,0,0,0,0,1,0,1,0,tel_d8a2582956a8f78358bf35a74724da55
р░И р░ир░╛р░пр░Хр▒Бр░бр▒Б р░др░и р░╕р▒Нр░╡р░╛р░░р▒Нр░ер░В р░Хр▒Лр░╕р░В р░ор░╛р░др▒Нр░░р░ор▒З р░кр░ир░┐ р░Ър▒Зр░╕р▒Нр░др░╛р░бр▒Б.,tel,1,0,1,0,0,0,1,0,0,0,0,0,tel_1b1435f1782739cb309dbefe84f8df7e
р░Хр▒Кр░ир▒Нр░ир░┐ р░Ър▒Лр░Яр▒Нр░▓ р░ир░▓р▒Нр░▓р░Ьр░╛р░др▒Ар░пр▒Бр░др▒Л р░Зр░Вр░Хр░╛ р░Ър▒Жр░бр▒Бр░Чр░╛ р░кр▒Нр░░р░╡р░░р▒Нр░др░┐р░╕р▒Нр░др▒Бр░ир▒Нр░ир░╛р░░р▒Б.,tel,1,0,0,0,1,0,0,0,1,0,1,0,tel_7c7f9defab93420a4640307a800ae567
р░Хр▒Кр░ир▒Нр░ир░┐ р░Ер░Вр░др░░р▒Нр░Ьр░╛р░др▒Ар░п р░╕р░Вр░╕р▒Нр░ер░▓р▒Б р░кр▒Жр░жр▒Нр░ж р░жр▒Зр░╢р░╛р░▓ р░ир░┐р░пр░Вр░др▒Нр░░р░гр░▓р▒Лр░ир▒З р░Йр░Вр░Яр░╛р░пр░┐.,tel,1,0,0,0,0,1,1,0,0,0,0,0,tel_4b027e47cfce3bc6e1449d7d03fbc7bb
р░жр░│р░┐р░др▒Бр░▓р░Хр░┐ р░И р░░р░╛р░╖р▒Нр░Яр▒Нр░░р░Вр░▓р▒Л р░Ор░кр▒Нр░кр▒Бр░бр▒В р░Чр▒Мр░░р░╡р░В р░жр░Хр▒Нр░Хр░жр▒Б.,tel,1,0,0,0,1,0,0,0,1,0,1,0,tel_e2497244fadf832125c498ad664cd247
р░кр▒Бр░░р▒Бр░╖р▒Бр░▓р▒З р░мр░▓р░ор▒Ир░и р░ир░╛р░пр░Хр▒Бр░▓р▒Б р░Ер░╡р▒Бр░др░╛р░░р▒Б.,tel,1,1,0,0,0,0,0,0,1,1,0,0,tel_8e5b9d3659939d54f7136df7baa85391
р░И р░ир░Чр░░р░Вр░▓р▒Л р░кр▒Лр░▓р▒Ар░╕р▒Бр░▓р▒Б р░ир▒Зр░░р░╕р▒Нр░ер▒Бр░▓р░ир▒Б р░кр░Яр▒Нр░Яр▒Бр░Хр▒Лр░╡р░бр░Вр░▓р▒Л р░╡р░┐р░лр░▓р░ор░╡р▒Бр░др▒Бр░ир▒Нр░ир░╛р░░р▒Б.,tel,1,0,0,0,0,1,0,0,0,1,0,0,tel_1a6125f223e4aed845453a5f0b03fd93
р░Хр▒Кр░ир▒Нр░ир░┐ р░жр▒Зр░╢р░╛р░▓р▒Б р░ор░д р░╕р▒Нр░╡р▒Зр░Ър▒Нр░Ыр░ир▒Б р░кр▒Вр░░р▒Нр░др░┐р░Чр░╛ р░Ер░гр░Ър░┐р░╡р▒Зр░╕р▒Нр░др▒Бр░ир▒Нр░ир░╛р░пр░┐.,tel,1,0,0,1,0,0,1,1,0,1,0,0,tel_6529802670264b4595f6419cf8103cda
р░ор░╣р░┐р░│р░▓р░Хр▒Б р░╕р░ор░╛р░и р░╡р▒Зр░др░ир░В р░Зр░╡р▒Нр░╡р░ир░┐ р░╕р░Вр░╕р▒Нр░ер░▓р▒Б р░Ър░Яр▒Нр░Яр░╛р░ир░┐р░Хр░┐ р░▓р▒Лр░мр░бр░╛р░▓р░┐.,tel,1,1,0,0,0,0,0,0,0,0,1,0,tel_468d5a9de447ffd5fcb73490a36108b5
р░Ор░ир▒Нр░ир░┐р░Хр░▓р▒Нр░▓р▒Л р░Ер░╡р░┐р░ир▒Ар░др░┐ р░╡р░▓р▒Нр░▓ р░кр▒Нр░░р░Ьр░▓ р░Ур░Яр▒Б р░╡р░┐р░▓р▒Бр░╡ р░др░Чр▒Нр░Чр▒Бр░др▒Лр░Вр░жр░┐.,tel,1,0,1,0,0,0,0,0,0,1,0,0,tel_d273c51132b30c1be3eacc9f0d059f0a
"Say─▒n Vekilimiz; TC ,B├╝y├╝k bir Devlet ve Sosyal Devlet ─░lkesi gere─Яi s─▒n─▒rs─▒z nafakayada ├з├╢z├╝m bulacakt─▒r.",tur,0,0,0,0,0,0,0,0,0,0,0,0,tur_3132f326d5d42c8e5febe63d3a92bb2d
Bir ihtimal Turk Milliyetcileri guclu bir sekilde iktidar ortagi olabilirdi! Devlet Bahceli elinin tersiyle itmeyeydi!,tur,0,0,0,0,0,0,0,0,0,0,0,0,tur_a2cceb7ddfa9b32c39ad45d6f1f71d56
Alkol'├╝n saati mi olurmu┼Я. Yetken yetken ba┼Яlamak laz─▒m :),tur,0,0,0,0,0,0,0,0,0,0,0,0,tur_d63627b68b303efcf7ad4535c49d90aa
"E─Яer ""bir"" ve ""birlik"" olmak ├з├╢z├╝yorsa sorunlar─▒.... ├╝lke olarak Neden Hala Yiyoruz ""B─░RB─░R─░M─░Z─░""...?",tur,0,0,0,0,0,0,0,0,0,0,0,0,tur_3a9e17e7df951069cba965616f519054
#BizBizeYeterizT├╝rkiyem diyerek Devlet - Millet elele verdik.,tur,0,0,0,0,0,0,0,0,0,0,0,0,tur_833438d695d115a9970d470475b70ecf
Anayasa gizli oyu emrediyor... Bu oy gizli mi??? Bu Anayasa me┼Яru mu??? FET├Ц tehdidiyle oy mu kullan─▒l─▒r??? https://t.co/u0yOjtVkMX,tur,0,0,0,0,0,0,0,0,0,0,0,0,tur_bfa21c53f4cd8236f4f004354c95fe5a
"├Ц─Яretmen gelece─Яe bir nefestir, ├Ьlkemizin g├╝├зl├╝ yar─▒nlar─▒ e─Яitimle g├╝lecektir. Biz ek 40 bini sizinle alaca─Я─▒z, Bilge Lider'in yard─▒m─▒yla ek 40 bin atama gelecektir.",tur,0,0,0,0,0,0,0,0,0,0,0,0,tur_f45e0972774f287c149355b7c1fc3eb9
"Bu st├╝dyodakilerin iyi bildi─Яi gibi,benim tarihe ilgim vard─▒r. Be┼Яikta┼ЯтАЩ─▒n bu duru┼Яu bana,─░ngiliz h├╝k├╝metinin telkini ├╝zerine,Padi┼ЯahтАЩ─▒n ─░stanbulтАЩa ├зa─Я─▒rd─▒─Я─▒ Mustafa KemalтАЩin,Milli M├╝cadele yolundan d├╢nmeyi┼Яini hat─▒rlatt─▒.",tur,0,0,0,0,0,0,0,0,0,0,0,0,tur_96330a792f9da8f9411dd0d7893cfe4e
"├╢─Яrenci haklar─▒n─▒ savunmak i├зin ├╢─Яrenci, kad─▒n haklar─▒n─▒ savunmak i├зin kad─▒n, e┼Яcinsel haklar─▒n─▒ savunmak i├зin e┼Яcinsel, hayvan haklar─▒n─▒ savunmak i├зin hayvan olman─▒za gerek yok",tur,0,0,0,0,0,0,0,0,0,0,0,0,tur_3d83ac8b6ac48c4c489d74e60081086a
Neyi tart─▒┼Я─▒yorduk hat─▒rlamak laz─▒m: 5) Reza Zarrab'─▒n koordinasyonunda toplam 130 milyon TL civar─▒nda r├╝┼Яvet/yolsuzluk...,tur,0,0,0,0,0,0,0,0,0,0,0,0,tur_f876c990b1c5e52808d5668c56071f03
"Bir kanal, Saray'daki gayr-─▒ me┼Яru iktidar daha iyi soygun yapabilsin diye karart─▒ld─▒. Hep daha fazla daha fazla soysunlar diye...",tur,1,0,1,0,0,0,1,0,0,0,0,0,tur_9b252215ed16352db1298f27decbfc37
"Domuz eti yiyince gavur diyorlar a┼Яa─Яl─▒yorlar. Ama Uygurlar─▒n hayatlar─▒n─▒ pazarl─▒k konusu edip ├з─▒kar elde edenlere bir bildi─Яi vard─▒r diyorlar. Domuz eti yiyen, i├зki i├зenlerle u─Яra┼Яmay─▒ b─▒rak─▒n. Yetim hakk─▒, kul hakk─▒ yiyenlere bir kerecik odaklan─▒n.",tur,1,0,0,1,0,0,0,0,1,0,0,0,tur_838a0a3e8e335a3013727e7e359b295f
Senin kanuni yetkini kullanarak yapt─▒─Я─▒n atamalara Cumhurba┼Яkan─▒ kar─▒┼Я─▒yor mu! Atama yapmadan ├╢nce belediye personeline se├зim mi yapt─▒r─▒yorsun? Polislere sald─▒ran militanlara tepki veremeyen Mansur Yava┼Я'tan hadsiz a├з─▒klama!,tur,1,0,1,0,0,0,0,0,0,0,1,0,tur_a63db0590d6c27d28cbd2be16fcd7fa2
Bizde erkekler olarak insaniz insan bizde kalmasi y├╢n├╝nde kararimiz oldu─Яu halde verilmeyen cocuklarimizi haciz ederek almanin acisini kimse bilemez bu #nafaka zulmune #cocukicrasi na #tazyikhapsi ne bi son verin artik lutfen sayin @RTErdogan #erkeklerdeinsan #bekliyoruz https://t.co/2fk0d6dyrC,tur,1,1,0,0,0,0,0,0,0,0,1,0,tur_0bc036e5cfe739820d82d6cbed3162f0
Eymir'de kesilen a─Яa├зlar─▒ belediye kesseydi zihniyeti bozuklar─▒n hepsi ellerinde molotofla meydanlara ├з─▒kard─▒.,tur,1,0,0,0,0,1,1,0,1,0,0,0,tur_b423f2d0096e47a576a1b357060ee0d8
"T├╝rkiye, d├╝nyada pandemi s├╝recinde halk─▒na en az yard─▒m eden ├╝lke ve halk─▒na IBAN g├╢nderen 5 ├╝lkeden birisi olmu┼Я! Yard─▒mlar─▒n %89'unu patronlara yaparken, sadece %11'ini fakir halka yapm─▒┼Яlar!Birisi bunlar i├зin, ""kimsesizlerin kimsesi, halk─▒n adam─▒"" falan m─▒ demi┼Яti..?",tur,1,0,1,0,0,0,0,0,0,0,1,0,tur_08e96ca3343271226b8a894a6825e61c
Bende hep onu diyorum ama siz ─░slama dinimize kar┼Я─▒ yap─▒lan yanl─▒┼Яa yanl─▒┼Я diyemiyorsunuz reis yapt─▒ysa vard─▒r bir bildi─Яi deyip konu kapat─▒yorsunuz. Biz d├╝nyan─▒n hakaretkerini i┼Яitiyoruz siz sesinizi dahil ├з─▒karm─▒yorsunuz,tur,1,0,0,1,0,0,0,0,0,0,1,0,tur_407cb732d019323c5a923659fceeae35
"Bilmiyorum cevap m─▒, bo┼Я yere mi nefret ediyorsun, ilk defa homofobik bir ateist g├╢r├╝yorum, sen Allah'─▒n olmad─▒─Я─▒n─▒ anlad─▒n ama lgbtqya ayr─▒mc─▒l─▒k yapman─▒n yanl─▒┼Я oldu─Яunu anlayamad─▒n m─▒? Sizin y├╝z├╝n├╝zden trans insanlar─▒n 60% kendini ├╢ld├╝rmeyi deniyor, peki neden nefret dolusun?",tur,1,1,0,0,0,0,0,0,1,0,1,0,tur_126f51b888c0589f8a7aa3a565f570e3
"Suriyeli isteyen Suriye'ye, Afgan isteyen Afganistan'a gitsin!",tur,1,0,0,0,1,0,0,0,0,0,1,0,tur_1c4cad7e97ca43ff8ca0f1926137a955
╪з┌п╪▒ ╪в╪м 1947 █Б┘И╪к╪з ╪к┘И ┘Е█М┌║ ╪п█М┌й┌╛╪к╪з ┌й█Б ┌й█М╪│█Т █М█Б ┘Б╪▒┘В█Б ┘╛╪▒╪│╪к█М╪М ╪з┘Б╪▒╪з╪к┘Б╪▒█М ╪з┘И╪▒ ╪з┘Ж╪к╪┤╪з╪▒ █Б┘И╪к╪з█Ф ┘Е┌п╪▒ ╪п╪▒╪н┘В█М┘В╪к ┘Д╪з╪┤╪╣┘И╪▒ █Б█М┌║ #NSlastHope4Pak @username,urd,0,0,0,0,0,0,0,0,0,0,0,0,ur_69ebcf0da8d809f7d98159612d771c92
╪з╪м┘Д╪з╪│ ┘Е█М┌║ ╪в╪▓╪з╪п█М ┘Е╪з╪▒┌Ж ┌й█Т ╪н┘И╪з┘Д█Т ╪│█Т ┘Е╪┤╪з┘И╪▒╪к ┌й█М ╪м╪з╪ж█Т ┌п█М╪М╪░╪▒╪з╪ж╪╣,urd,0,0,0,0,0,0,0,0,0,0,0,0,ur_edc43cb46f3d9542dbe16b44c9a2d267
╪м╪и ╪к╪н╪▒█М┌й ╪з┘Ж╪╡╪з┘Б ╪н┌й┘И┘Е╪к ╪и┘Ж╪з╪ж█Т ┌п█М ╪к┘И ┘╛┘И┘Д█М╪│ ╪з┘И╪▒ ╪│┘И┘Д ╪│╪▒┘И╪│ ┌й┘И ╪║█М╪▒ ╪│█М╪з╪│█М ┌й█М╪з ╪м╪з╪ж█Т ┌п╪з╪М ╪з┘П┘Ж█Б█М┌║ ╪и█М╪▒┘И┘Ж█М ┘Е╪п╪з╪о┘Д╪к ╪│█Т ┘Е╪н┘Б┘И╪╕ ╪▒┌й┌╛╪з ╪м╪з╪ж█Т ┌п╪з █Ф ╪з┘Ж╪╡╪з╪▒ ╪╣╪и╪з╪│█М #╪з█М┌й╪│┘╣█М┘Ж╪┤┘Ж_┘Ж╪з┘Е┘Ж╪╕┘И╪▒,urd,0,0,0,0,0,0,0,0,0,0,0,0,ur_b687fbe1bca2fcb3cb961246718f2faf
"█Ф"" ╪к╪н┘Б╪╕ ┘Ж╪з┘Е┘И╪│ ╪▒╪│╪з┘Д╪к я╖║ █Б╪▒ ╪╡╪з╪н╪и ╪з█М┘Е╪з┘Ж ┌й█Т ╪п┘Д ┌й█М ╪в┘И╪з╪▓ █Б█Т  #█М┘И┘Е_╪к╪н┘Б╪╕_╪о╪к┘Е_┘Ж╪и┘И╪к",urd,0,0,0,0,0,0,0,0,0,0,0,0,ur_e4845b33700698ff0ed8e1b900f1e9d7
┌й╪┤┘Е█М╪▒ ┘Е█М┌║ ╪и┌╛╪з╪▒╪к ┌й█М ╪▒█М╪з╪│╪к█М ╪п█Б╪┤╪к ┌п╪▒╪п█М█Ф█Ф█Ф,urd,0,0,0,0,0,0,0,0,0,0,0,0,ur_2a4c3e1fc76ddccb6b3d6ca9c6015b0d
"""┘Б╪│╪╖╪з╪ж█М╪к █Б█Т ┘Д┘И┌п┘И"" ╪о╪▒┘Е ╪п╪│╪к┌п█М╪▒ ┘╛█Б┘Д┘И╪з┘Ж ┘Ж█Т ╪з╪н╪к╪м╪з╪м ┌й█М╪з ""╪│╪▒┌й╪з╪▒█М ╪▓┘Е█М┘Ж ┘╛╪▒ ╪║█М╪▒ ┘В╪з┘Ж┘И┘Ж█М ┘╛┘╣╪▒┘И┘Д ┘╛┘Е┘╛ ┘Ж█Б█М┌║ ┌Ж┘Д╪з┘Ж█Т ╪п█М╪к█Т""",urd,0,0,0,0,0,0,0,0,0,0,0,0,ur_798934f556086884742aa97f13edf62a
╪м┘И┌й┌Ж┌╛ ╪в╪м ┘Е╪м┌╛█Т┘Е█М╪▒█Т╪з█М┌й ╪п┘И╪│╪к ┘Ж█Т┘В╪и╪з╪ж┘Д█М ╪╣┘Д╪з┘В┘И┌║ ┌й█Т╪н╪з┘Д╪з╪к ╪и╪к╪з╪ж█Т█Б█М┌║ ┘И█Б ╪к┘И╪к╪╡┘И█М╪▒█Б█М ┌й┌Ж┌╛ ╪з┘И╪▒╪к┌╛█М ┘И█Б ┘И█Б╪з┌║ ╪│█Т █Б┘И┌й╪▒╪в█М╪з█Б█Т╪М┘Е█Б┘Е╪з┘Ж ┘Ж┘И╪з╪▓█М ┘Е╪░█Б╪и█М ╪▒┘И╪з╪п╪з╪▒█М ╪к┘И╪╣╪з┘Е █Б█Т,urd,0,0,0,0,0,0,0,0,0,0,0,0,ur_5c4ffaa1a8380eeeb775d151d70713be
╪в╪▓╪з╪п█М ┘Е╪з╪▒┌Ж ╪к┘И █Б┘И ┌п╪з █Б┘Е ╪и┌╛╪▒┘╛┘И╪▒ ╪┤╪▒┌й╪к ┌й╪▒█М┌║ ┌п█Т #╪в╪▓╪з╪п█М_┘Е╪з╪▒┌Ж_╪к┘И_█Б┘И_┌п╪з,urd,0,0,0,0,0,0,0,0,0,0,0,0,ur_2e9566c026674b1ee14bd68ca65e371f
╪к╪н┘Б╪╕ ┘Ж╪з┘Е┘И╪│ ╪▒╪│╪з┘Д╪к я╖║ ┘Е┘Д█М┘Ж ┘Е╪з╪▒┌Ж ┘Д╪з█Б┘И╪▒ #NamoseRisalatMilionMarch @username,urd,0,0,0,0,0,0,0,0,0,0,0,0,ur_6ce51c496dad5e700dbfff32b450e69d
╪в╪о╪▒ ┘╛╪о╪к┘И┘Ж █Б█М ╪з╪│ ╪╕┘Д┘Е ┌й╪з ┘Ж╪┤╪з┘Ж█Б ┌й█М┘И┌║? #ANPRejectsAntiAfghanPolicy,urd,0,0,0,0,0,0,0,0,0,0,0,0,ur_a3ae3da5afbab5b5ca623ca47ace6c33
#╪▓┘Ж╪м█М╪▒┘И┌║_┘Е█М┌║_╪м┌й┌С╪з_┘Е█М┌И█М╪з ╪м╪и ╪к┌й █Б█Т ╪п┘Е ┘Д┌С█Т ┌п█Т █Б┘Е ╪з╪│ ╪и┌й╪з╪д ┘Е█М┌И█М╪з ┌й█Т ╪о┘Д╪з┘Б ┘Ж┘И╪з╪▓ ╪┤╪▒█М┘Б ┌й█Т ╪│╪з╪к┌╛,urd,1,0,1,0,0,1,1,1,1,1,0,0,ur_6c620b699672b5890f5bc695e563cef5
┘Е┘Д┌й ┌й█М ╪к█М┘Ж ╪и┌С█М ╪│█М╪з╪│█М ╪м┘Е╪з╪╣╪к█М┌║ ╪м┘Д╪п █Б█М ┘Е█М╪л╪з┘В ╪м┘Е█Б┘И╪▒█М╪к ┘╛█Б ╪п╪│╪к╪о╪╖ ┌й╪▒█М┌║ ┌п█М ┘╛┘Ж┌И█М ╪│█Т ┘В█Б┘В┘И┌║ ┌й█М ╪в┘И╪з╪▓█М┌║ ╪в╪ж█М┌║ ┌п█М,urd,1,0,1,0,0,0,1,1,0,1,0,0,ur_6cc3ca6ec85a024e0bc9344ec915eb22
-JaximH ┘╛┘╣┘И╪з╪▒█М ┘╛┌С┌╛█Т ┘Д┌й┌╛█Т ╪и┌╛█М █Б┘И╪к█Т █Б█М┌║ ┘Е█М┌║ ╪к┘И ╪│┘Е╪м┌╛╪з ╪к┌╛╪з ╪о╪з┘Д█М ╪░█Б┘Ж█М ╪║┘Д╪з┘Е █Б┘И╪к█Т █Б█М┌║,urd,1,0,1,0,0,0,0,1,1,1,0,0,ur_d24a0ac127421e1e0d2af17e01be1c19
┘╛┘╣┌╛╪з┘Ж╪М╪│┘Ж╪п┌╛█М╪М╪и┘Д┘И┌Ж█М╪М┘Е█Б╪з╪м╪▒┘И╪║█М╪▒█Б╪М█М█Б ┘Б╪▒┘В█Б ┘╛╪▒╪│╪к█М ╪з┘И╪▒ █М█Б ┌п┘Ж╪п█Т ┘Ж╪╣╪▒█Т ╪з╪│█М ┘Б╪╢╪з┘Е█М┌║ ┘Д┌п╪к█Т █Б█М┌║╪М╪м█Б╪з┌║ ╪│█Т ┘Ж╪и█Мя╖║ ┌й█М ╪▓┘Ж╪п┌п█М ┘Ж┌й┘Д ╪м╪з╪к█М █Б█М┌║!!!!,urd,1,0,1,1,1,0,1,1,1,0,1,1,ur_4a930711e8ea17242cbe8ceb9996e872
╪╣┘Д█М╪н╪п┌п█М ┘╛╪│┘Ж╪п┘И┌║ ╪и┘Д┘И┌Ж┘И┌║ ┘Ж█Т ╪в╪м ┌й█Т ┘Е█М┌Ж ┌й█М ╪м┌╛┘Д┌й█М╪з┌║ ╪и╪▒╪з╪ж█Т ┘╛┘Ж╪м╪з╪и ┘Е╪о╪з┘Д┘Б ┘╛╪▒┘И┘╛█М┌п┘Ж┌И█Б ┘Е╪н┘Б┘И╪╕ ┌й╪▒ ┘Д█М █Б█М┌║█Ф,urd,1,0,0,0,1,0,1,0,1,0,0,0,ur_045feb65e38c4a897904fbd56b7e2832
┘Ж█Б ╪╡╪▒┘Б ┘Б╪к┘Ж█Б ╪о╪з┘Ж ╪и┘Д┌й█Б ┌п┘И┌п█М ┘╛┘Ж┌й█М ╪з┘И╪▒ ╪з╪и╪▒╪з█Б█М┘Е ┌й┘И ╪и┌╛█М ╪║█М╪▒ ┘В╪з┘Ж┘И┘Ж█М ┌й█М╪┤ ┌й╪з ╪и█Б╪к ╪┤┘И┘В █Б█Т #┘Б╪к┘Ж█Т_┌й┘И_┌й█М╪┤_┘╛╪│┘Ж╪п_█Б█Т,urd,1,1,1,0,0,0,0,0,1,0,1,1,ur_0a467e5b6637e37ae97c3e505c6d4284
╪╣┘Ж┘В╪▒█М╪и ┘╛╪з┌й╪│╪к╪з┘Ж ┌й█М ╪│█М╪з╪│╪к ╪│█Т ╪з┘Ж╪к█Б╪з╪ж█М ╪║┘Д█М╪╕ ╪к╪▒█М┘Ж ╪и╪п╪и┘И╪п╪з╪▒ ┌п┌╛┘Ж╪з╪д┘Ж╪з ┘Б╪з╪┤╪│┘╣ ┌й╪▒╪п╪з╪▒ ╪о╪к┘Е █Б┘И┘Ж█Т ┌й┘И █Б█Т,urd,1,0,1,0,0,0,1,1,0,0,0,1,ur_914a5393dd4781d3594cbc67f93807f8
┌Ж┘Ж╪п ┘Ж┘И┘╣┘И┌║ ┘╛█Б ╪и┌й┘Ж█Т ┘И╪з┘Д╪з ┘Ж┘Е┌й ╪н╪▒╪з┘Е ╪╡╪н╪з┘Б█М  #┌п┘╣╪▒╪╡╪н╪з┘Б╪к @username,urd,1,0,1,0,0,1,1,1,0,1,0,0,ur_cb1e1e3b8d5f9193e831ca2d7e6eb85f
╪│┘Ж╪п┌╛ ┌й█Т ╪п┘И╪│╪к ╪и╪з╪┤ ┘И ┘╛╪▒╪о┘Д┘И╪╡ ╪и╪з╪│█М┘И┌║ ┌й┘И ╪▓╪▒╪п╪з╪▒█М ╪м█М╪│█М ┌п╪з┘Д█М ┘И ╪и┘Д╪з┘И┘Д ╪м█М╪│█Т ┘Е╪о┘Ж╪л ┘Д┘И╪╖█М ┘Д┘И┘Ж┌И█Т ┌й█Т ╪▒╪н┘Е ┘И ┌й╪▒┘Е ┘╛╪▒ ┌Ж┌╛┘И┌С┘Ж╪з ╪з╪│┘╣█М╪и┘Д╪┤┘Е┘Ж┘╣ ┌й█М ╪│╪и ╪│█Т ╪и┌С█М ╪▓█М╪з╪п╪к█М █Б█Т,urd,1,1,1,0,0,0,1,1,1,0,0,1,ur_2dc7721e0be22c5374d96170ed4e6454
┌й┘Ж┌С╪М┌й┘╣┌╛ ┘╛╪к┘Д█М ┘Б┘И╪м┘И┌║ ┘╛╪▒╪н┘Е┘Д█Т╪М╪п┘И █Б┘Д╪з┌й╪М5 ╪▓╪о┘Е█М @username,urd,1,0,1,0,0,0,0,0,1,1,0,1,ur_2d4477d500bb8886546aa12fc25f2c92
цЩоф┐бчФ╖цШпф╗Аф╣ИцДПцАЭхХК,zho,0,0,0,0,0,0,0,0,0,0,0,0,zh_8dae7f6cc040d0734557d80ab286d6e9
хжЗхе│цЭГчЫКф┐ЭщЪЬц│Хя╝Иф┐ошовшНЙцбИя╝Йх╛Бц▒ВцДПшзБцнгхЬиш┐ЫшбМф╕ня╝Мхдзхо╢цЬЙцДПшзБш╡╢ч┤зхО╗цПРя╝Б,zho,0,0,0,0,0,0,0,0,0,0,0,0,zh_3f51c1c524d0fbbe2802c355208e5944
ф╜Ьф╕║хе│цАзя╝Мш╡ЮхРМцФпцМБф╜ая╝МхИдцЦнхе│цАзцЬЙц▓бцЬЙхЬ░ф╜Ня╝МшжБчЬЛхе╣ф╗мцЬЙц▓бцЬЙхРИчРЖчЪДя╝МхРИц│ХчЪДх╖еф╜ЬцДПшпЖхТМх╖еф╜ЬцЬ║ф╝ЪуАВф╕нхЫ╜х╜УчД╢ш┐ШхнШхЬищЗНчФ╖ш╜╗хе│чЪДхЬ░хМ║хТМх║Хх▒ВцЦЗхМЦя╝Мф╜ЖцШпф╕╗ц╡БшзВх┐╡хТМцДПшпЖх╜вцАБцШпцФпцМБхе│цАзшзгцФ╛чЪДуАВ,zho,0,0,0,0,0,0,0,0,0,0,0,0,zh_477dc5e64f24b004d6cf50a446f33b5f
хРМцАзцБЛцЙАхНаф║║хПгцпФф╛ЛчФЪшЗ│ф╕НщЬАшжБцЯецЙ╛ф╕Уф╕ЪчЪДцЦЗчМоя╝МчЩ╛х║жф╗Аф╣ИчЪДщЪПф╛┐цРЬцРЬх░▒цЬЙуАВ,zho,0,0,0,0,0,0,0,0,0,0,0,0,zh_e24ae04905d4bef2e8527193b3b3c8c4
х░╜чобф║║ч▒╗хЬицФ╗хЕЛшЙ╛ц╗ЛчЧЕчЪДщБУш╖пф╕Кх╖▓ч╗ПхПЦх╛Чф║Жф╕Нх░СцИРх░▒я╝МшЙ╛ц╗ЛчЧЕх╖▓ч╗Пф╕НхГПхНБх╣┤хЙНщВгца╖хРмш╡╖цЭехПпцАХуАВ,zho,0,0,0,0,0,0,0,0,0,0,0,0,zh_009330da91ae0e706d8064e9e9d5e47e
ф╜ЖцШпхЬихРпшТЩщШ╢цо╡я╝МцЬАш╡╖чаБшойф╗Цф╗мчЯещБУф╗Аф╣ИцШпхРМцАзцБЛя╝Мф╗Аф╣ИцШпх╝ВцАзцБЛя╝Мф╗Аф╣ИцШпшМГцАзцБЛя╝Мф╗Аф╣ИцШпхПМцАзцБЛф╗Аф╣ИцШпцАзхНХцБЛшойф╗Цф╗мчЯещБУцЬЙш┐Щф╕Ач▒╗ф║║чЪДхнШхЬия╝Мх╣╢шойф╗Цф╗мхнжф╝Ъх░КщЗНя╝Мш┐Щф╣Яф╕НцШпф╜Ьф╕║ф╕нхНОц░СцЧПчЪДч╛Ох╛╖хРЧя╝Я,zho,0,0,0,0,0,0,0,0,0,0,0,0,zh_01143a67e03c0fb896fc7502ea9fffc6
х╖жф╕Лф║ЪшгФцпФш╛Гх╕Ея╝Мш┐ШцЬЙхИЪцЭецЙ╛х║зф╜НчЪДшУЭTх░ПхУехУе,zho,0,0,0,0,0,0,0,0,0,0,0,0,zh_ba8721e5c13f4430b6969f6d0ddd4f26
хН░х║жф║║чЪДшпЭх╛ЧхИЖхоЧцХЩя╝МчйЖцЦпцЮЧчЪДшпЭх░▒хО╗ц╕ЕчЬЯщенх║Чя╝МхН░х║жцХЩх╛Тх░▒хО╗хп║х║ЩчЪДч┤ашПЬщжЖя╝МщГ╜хПпф╗ех░ЭхИ░х╛ИхЬ░щБУчЪДф╕нхЫ╜шПЬшАМф╕Нш┐ЭхПНцИТх╛ЛуАВ,zho,0,0,0,0,0,0,0,0,0,0,0,0,zh_8f721f40455289a0be3877413fc5a3c3
"цЧецЬмф║║ф╣Яф╕НхЕицШпхЭПф║║я╝Мф╕нхЫ╜ф║║ф╣Яф╕НхЕицШпхе╜ф║║тИа(,сРЫ,уАНтИа)я╝┐",zho,0,0,0,0,0,0,0,0,0,0,0,0,zh_b6be2ad84f3dadb4c874d0c442564df3
х░Пч╛Оф║║щ▒╝цШпцИСчлех╣┤цЬАхЦЬцмвчЪДцХЕф║ЛуАВцИСшзЙх╛ЧщАЙшзТц▓бщЧощвШя╝Мф╕АчЬЛх░▒цШпх╛ИхЛЗцХвчЪДхе│хнйхнРуАВхоЙх╛ТчФЯхЖЩх░Пч╛Оф║║щ▒╝чЪДхИЭшб╖ф╣ЯцШпцнМщвВщВгчзНчФЯхС╜ц░╕цБТш┐ШцЬЙч╛ОхТМхЦДуАВх░Пч╛Оф║║щ▒╝х╛ИхЛЗцХвхХКуАВхжВцЮЬш┐кцЦпх░╝х╝АхзЛчЪДц╝лчФ╗х░▒цШпщ╗Сф║║хЕмф╕╗цБРцАХхдзхо╢чО░хЬих░▒ф╕Нф╝ЪщЕ▒ч┤лшзЙх╛Чч╛Оф║║щ▒╝щЭЮшжБчЩ╜чЪошВдч║вхд┤хПСшУЭчЬ╝чЭЫф║ЖуАВ,zho,0,0,0,0,0,0,0,0,0,0,0,0,zh_7311fe6fc5edd5baf595afa72b8d50e5
цИСшзЙх╛Чф╕нхЫ╜хе│цАзхкЪхдЦхА╝х╛ЧцЙ╣шпДчЪДцШпф╕нхЫ╜чФ╖цАзя╝Мф╜аф╗мчЬЛф╕АчЬЛхЗ║ш╜ичЪДхе│ф║║чЪДшАБхЕмф╕АчЬЛх░▒х╛Иш╜пх╝▒я╝МшАМф╗ехЙНхЬичд╛ф╝Ъф╕Кц╖╖чЪДчФ╖ф║║чЪДшАБхйЖцИСц▓бхПСчО░ш░БцХвхЗ║ш╜ия╝Мф╕нхЫ╜чФ╖ф║║хжВцЮЬшГ╜хТМщ╗Сф║║цИЦчйЖцЦпцЮЧчФ╖цАзф╕Аца╖цЪ┤хКЫя╝МщВгф╕нхЫ╜х░▒ц▓бцЬЙхкЪхдЦчЪДшп┤ц│ХуАВ,zho,1,1,0,0,1,0,1,1,1,0,0,0,zh_c97664ffb77ea98c5ea6f7cc8417b65c
це╝ф╕╗хХКя╝БцИСшо░х╛Чш┐ЩцШпцЯРф╜НцЩоф┐бхе│хЖЩчЪДхЕ│ф║ОчФ╖цАзчЪДцЭбф╗╢хРзя╝МцФ╣чЪДхе╜я╝Мш┐ШцЬЙя╝МцВичЪДх╕ЦхнРщЗМщЭвцЬЙцЭбчЫоЁЯР╢я╝Мш╡╢ч┤зч╜ощб╢ч╛Юш╛▒,zho,1,1,0,0,0,0,1,1,0,0,0,1,zh_b3f61cab1af9ec0499e53e3fdee942c5
цИСф╕НцБРхРМя╝Мх░▒цШпхНХч║пчЪДхОМцБ╢я╝МшзЙх╛ЧцБ╢х┐Гя╝Мф╕Нф╕║хИлчЪДя╝Мх░▒ф╕║txlч╛дф╜Уф╝ацТнxчЧЕя╝Мш┐ШшжБщкЧф║║х╜вхйЪя╝МцпБф║║ф╕АчФЯуАВш┐Рц░Фх╖оф╕АчВ╣чЪДя╝МхПкцШпшвлщкЧхйЪуАВш┐Рц░ФхЖНх╖оф╕АчВ╣я╝МшвлщкЧчЭАчФЯф╕кхнйхнРя╝МцККхнйхнРф╣ЯцпБф║ЖуАВш┐Рц░Фх╖охИ░чИЖчЪДя╝Мшвлф║║щкЧхйЪя╝Мш┐Шшвлф╝ацЯУф╕КxчЧЕя╝Мш┐Щх░▒цШпtxlч╛дф╜Ух╣▓чЪДхе╜ф║ЛуАВ,zho,1,1,0,0,0,0,1,0,1,0,0,0,zh_c7e5709613eee6e23ba510eab08989fc
ч╗╝ф╕КцЙАш┐░я╝Мф╗ехРОцГ│ш╡╖цЭеф╝ЪшбехЕЕя╝МхРМцАзцБЛх░▒ч║пч║пцЗжхдл,zho,1,1,0,0,0,0,1,0,1,0,0,0,zh_2c8a085de81405835426d8ebe21505fd
чЬЯчЩ╜х╖жх╜УчД╢цФпцМБя╝Мф╜ЖщЧощвШцШпше┐цЦ╣цЙАш░УчЪДчЩ╜х╖жщГ╜цШпшЩЪф╝кчЪДчЩ╜х╖жя╝МшЛ▒цЦЗхПлliberalsя╝МхТМф╕нхЫ╜хе│цЭГф╕Аца╖я╝МшбищЭвф╕Кх╣│цЭГя╝МхоЮщЩЕф╕КцШпцМВх╣│цЭГчЛЧхд┤хНЦчЙ╣цЭГчЛЧхд┤я╝МчЬЯхе│цЭГчЬЯчЩ╜х╖жц▓бхдЪх░Сф║║хПНхп╣чЪДя╝МхПпцГЬхдзхдЪцХ░щГ╜цШпшЩЪф╝кчЪДхВ╗щА╝уАВ,zho,1,1,1,0,0,0,1,1,1,0,0,0,zh_9a17b3c82f56757cf7d7655957ce53cc
цЬЙф║ЫчйЖцЦпцЮЧчЙ╣цБ╢х┐ГхРГчМкшВЙчЪДя╝Мф╕НчИ▒х╕жщЭвч║▒чЪДхе│ф║║ф╣Яц╗Ъ......ф╗Цф╗мчЪДф╕ЙшзВхЗ║щЧощвШф║ЖхРЧя╝Я,zho,1,0,0,1,0,0,1,0,0,0,1,0,zh_7c983a401092783013f6cce628bcb768
ц╖╖шбАя╝МчЬ╝чЭЫцШпшУЭшЙ▓я╝Мц╖╖ф║ЖчЩ╜чЪочМкчЪДшбА,zho,1,0,0,0,1,0,1,0,0,0,0,1,zh_5ce63405586fd4b4733dd3e930a3f992
хп╣х╛Ещ╗СшЫЖчЫ┤цОец╕Ечй║х╝╣хд╣хоМф║Л,zho,1,0,0,0,1,0,1,1,0,0,0,1,zh_1c7ecd0d2067f659e2b587ee3f84ac8a
цИСхЬищЭЮц┤▓хСЖш┐Зх╛Иф╣Ея╝МчЫ╕ф┐бцИСя╝Мщ╗Сф║║ф╕НхА╝х╛ЧхРМцГЕя╝Мф╗Цф╗мх░▒цШпхКгчнЙц░СцЧПя╝Мц▓бцЬЙч╛ЮшА╗х┐Гц▓бцЬЙф╕Кш┐Ых┐Гя╝МхдйчФЯх░▒шпешвлхе┤х╜╣чЪДчзНцЧПуАВ,zho,1,0,0,0,1,0,1,0,1,1,1,1,zh_8b90b2d2e0b3a59e3ead1c66224d8d68
хПИф╕Нч╗ЩхБЪч╗ЭшВ▓хПИхЬгцпНхПкшГ╜шойц╡Бц╡кчМлш╢КцЭеш╢КхдЪщГ╜цИРчФЯцАБцЭАцЙЛф║Ж,zho,1,0,0,0,0,1,1,0,1,0,0,0,zh_65cfdec2eaf28b0199c5fd1352bfc09c
